Index,Lot,Time,pH,Temp,Current,Voltage
1,1,오후 4:23:43.0,1.9,26.06,4.19,3.4
2,1,오후 4:23:48.0,1.57,25.48,3.43,3.28
3,1,오후 4:23:53.0,2.89,23.73,4.22,4.11
4,1,오후 4:23:58.0,1.71,23.3,4.11,3.9
5,1,오후 4:24:03.0,1.74,22.43,3.34,3.55
6,1,오후 4:24:08.0,1.64,24.76,3.55,3.99
7,1,오후 4:24:13.0,2.69,22.21,4.34,4.23
8,1,오후 4:24:18.0,2.01,27.54,3.52,2.13
9,1,오후 4:24:23.0,1.7,23.81,4.49,3.72
10,1,오후 4:24:28.0,1.9,27.06,4.43,4.83
11,1,오후 4:24:33.0,2.75,23.93,3.65,4.6
12,1,오후 4:24:38.0,1.63,21.27,3.59,3.02
13,1,오후 4:24:43.0,2.54,25.45,3.49,4.8
14,1,오후 4:24:48.0,1.7,21.45,3.19,4.1
15,1,오후 4:24:53.0,1.67,22.27,4.14,4.69
16,1,오후 4:24:58.0,2.66,25.58,3.09,4.59
17,1,오후 4:25:03.0,2.25,25.85,3.08,3.79
18,1,오후 4:25:08.0,2.91,22.21,4.38,3.36
19,1,오후 4:25:13.0,2.54,24.31,3.62,3.14
20,1,오후 4:25:18.0,2.75,26.08,4.02,3.38
21,1,오후 4:25:23.0,2.06,22.31,3.52,4.74
22,1,오후 4:25:28.0,2.75,24.08,4.17,3.62
23,1,오후 4:25:33.0,1.72,25.68,4.04,3.63
24,1,오후 4:25:38.0,1.52,22.03,3.76,3.63
25,1,오후 4:25:43.0,2.47,26.51,4.1,4.26
26,1,오후 4:25:48.1,2.48,23.32,3.57,4.9
27,1,오후 4:25:53.1,2.35,21.38,4.31,3.38
28,1,오후 4:25:58.1,2.58,25.6,4.26,4.47
29,1,오후 4:26:03.1,1.94,26.09,4.44,4.38
30,1,오후 4:26:08.1,1.79,25.33,3.79,3.67
31,1,오후 4:26:13.1,2.78,25.83,4.0,3.25
32,1,오후 4:26:18.1,2.72,25.75,3.4,4.2
33,1,오후 4:26:23.1,2.53,24.91,3.12,3.4
34,1,오후 4:26:28.1,2.54,21.72,3.7,4.45
35,1,오후 4:26:33.1,2.1,27.81,4.36,3.28
36,1,오후 4:26:38.1,2.17,21.83,3.57,4.69
37,1,오후 4:26:43.1,2.13,23.84,3.7,4.62
38,1,오후 4:26:48.1,2.91,26.66,4.23,3.98
39,1,오후 4:26:53.1,2.27,22.57,4.34,4.01
40,1,오후 4:26:58.1,2.41,22.19,4.16,4.35
41,1,오후 4:27:03.1,2.06,22.84,3.09,3.54
42,1,오후 4:27:08.1,1.54,23.7,3.78,3.51
43,1,오후 4:27:13.1,2.77,26.72,4.15,3.71
44,1,오후 4:27:18.1,2.69,23.29,3.55,3.02
45,1,오후 4:27:23.2,2.14,26.04,3.45,3.39
46,1,오후 4:27:28.2,1.96,27.06,3.65,3.32
47,1,오후 4:27:33.2,2.49,23.23,3.2,3.3
48,1,오후 4:27:38.2,2.23,27.08,3.63,3.82
49,1,오후 4:27:43.2,1.56,21.32,3.53,3.21
50,1,오후 4:27:48.2,1.58,27.29,3.77,4.32
51,1,오후 4:27:53.2,2.86,22.12,3.25,4.45
52,1,오후 4:27:58.2,2.01,25.25,3.95,4.07
53,1,오후 4:28:03.2,1.56,23.82,4.44,4.39
54,1,오후 4:28:08.2,1.55,25.22,3.48,4.99
55,1,오후 4:28:13.2,2.15,21.56,3.73,3.3
56,1,오후 4:28:18.2,2.1,22.44,3.66,3.83
57,1,오후 4:28:23.2,2.01,27.54,3.52,2.13
58,1,오후 4:28:28.2,2.01,27.54,3.52,2.13
59,1,오후 4:28:33.2,2.53,26.33,3.91,3.97
60,1,오후 4:28:38.2,2.41,22.73,3.03,3.56
61,1,오후 4:28:43.2,2.95,23.11,3.27,4.73
62,1,오후 4:28:48.2,2.99,26.44,4.05,3.63
63,1,오후 4:28:53.2,2.45,21.91,3.53,4.54
64,1,오후 4:28:58.3,2.64,22.57,3.17,3.36
65,1,오후 4:29:03.3,2.59,24.45,3.41,3.91
66,1,오후 4:29:08.3,2.74,25.49,4.23,4.76
67,1,오후 4:29:13.3,2.01,27.54,3.52,2.13
68,1,오후 4:29:18.3,2.45,21.81,3.72,4.19
69,1,오후 4:29:23.3,2.02,25.8,3.33,4.77
70,2,오후 4:29:49.0,2.51,25.06,3.41,4.66
71,2,오후 4:29:54.0,2.26,22.62,3.6,3.51
72,2,오후 4:29:59.0,2.8,25.89,3.74,4.98
73,2,오후 4:30:04.0,2.02,23.52,3.49,4.03
74,2,오후 4:30:09.0,2.42,25.15,1.68,2.26
75,2,오후 4:30:14.0,2.87,25.35,3.78,3.66
76,2,오후 4:30:19.0,2.68,26.12,4.47,4.19
77,2,오후 4:30:24.1,1.82,25.97,4.38,3.98
78,2,오후 4:30:29.1,4.94,22.16,3.2,3.17
79,2,오후 4:30:34.1,2.85,22.83,3.31,4.41
80,2,오후 4:30:39.1,2.98,27.74,3.7,3.91
81,2,오후 4:30:44.1,1.83,24.98,3.49,4.53
82,2,오후 4:30:49.1,1.68,22.05,4.13,3.84
83,2,오후 4:30:54.1,2.7,26.37,4.12,4.13
84,2,오후 4:30:59.1,1.89,24.08,3.47,4.15
85,2,오후 4:31:04.1,2.08,25.14,3.31,3.66
86,2,오후 4:31:09.1,1.85,23.41,3.25,3.84
87,2,오후 4:31:14.1,2.32,27.08,4.2,4.11
88,2,오후 4:31:19.1,2.58,27.32,4.18,4.07
89,2,오후 4:31:24.1,1.82,27.94,3.67,3.45
90,2,오후 4:31:29.1,2.29,23.25,3.63,4.27
91,2,오후 4:31:34.1,2.05,25.13,3.65,3.58
92,2,오후 4:31:39.1,1.84,25.29,3.76,3.54
93,2,오후 4:31:44.1,1.6,24.56,3.7,4.97
94,2,오후 4:31:49.1,2.36,22.0,3.72,3.56
95,2,오후 4:31:54.1,2.14,25.52,4.2,4.59
96,2,오후 4:31:59.2,2.44,27.02,4.28,3.44
97,2,오후 4:32:04.2,2.66,26.54,3.88,3.67
98,2,오후 4:32:09.2,2.97,27.46,3.31,4.4
99,2,오후 4:32:14.2,2.75,26.07,3.54,3.17
100,2,오후 4:32:19.2,2.66,25.62,3.85,3.41
101,2,오후 4:32:24.2,2.72,26.02,4.18,3.97
102,2,오후 4:32:29.2,2.88,21.09,3.68,4.79
103,2,오후 4:32:34.2,1.8,23.29,4.4,3.97
104,2,오후 4:32:39.2,2.6,25.17,4.27,3.94
105,2,오후 4:32:44.2,2.04,25.06,3.48,4.65
106,2,오후 4:32:49.2,1.71,27.89,3.71,4.34
107,2,오후 4:32:54.2,1.87,26.84,3.93,4.18
108,2,오후 4:32:59.2,2.0,24.97,3.39,3.56
109,2,오후 4:33:04.2,1.92,22.14,3.03,3.68
110,2,오후 4:33:09.2,1.79,26.72,3.77,4.69
111,2,오후 4:33:14.2,2.64,27.91,4.43,4.34
112,2,오후 4:33:19.2,1.61,21.89,3.92,3.98
113,2,오후 4:33:24.2,2.0,23.7,3.35,3.42
114,2,오후 4:33:29.2,2.75,24.56,4.42,3.82
115,2,오후 4:33:34.2,3.85,24.29,1.57,3.7
116,2,오후 4:33:39.3,1.62,25.67,4.02,4.84
117,2,오후 4:33:44.3,1.56,25.08,3.64,4.8
118,2,오후 4:33:49.3,1.71,27.06,3.64,3.17
119,2,오후 4:33:54.3,1.74,23.32,3.35,4.52
120,2,오후 4:33:59.3,2.94,25.75,4.13,3.39
121,2,오후 4:34:04.3,2.8,27.73,4.2,3.72
122,2,오후 4:34:09.3,2.71,22.13,4.19,4.43
123,2,오후 4:34:14.3,2.24,22.24,3.07,4.76
124,2,오후 4:34:19.3,2.14,21.67,3.85,4.69
125,2,오후 4:34:24.3,2.28,25.0,3.74,3.22
126,2,오후 4:34:29.3,2.88,23.97,4.09,4.61
127,2,오후 4:34:34.3,2.37,27.68,4.21,4.63
128,2,오후 4:34:39.3,2.65,23.14,3.98,4.22
129,2,오후 4:34:44.3,1.8,21.04,3.65,4.28
130,2,오후 4:34:49.3,1.56,23.25,3.23,3.37
131,2,오후 4:34:54.3,2.1,23.6,3.11,3.88
132,2,오후 4:34:59.3,1.8,22.39,3.2,4.68
133,2,오후 4:35:04.3,1.79,23.42,4.14,4.47
134,2,오후 4:35:09.3,1.74,25.94,3.34,4.52
135,2,오후 4:35:14.3,1.8,25.34,4.49,4.67
136,2,오후 4:35:19.3,2.04,21.74,3.3,3.47
137,2,오후 4:35:24.3,2.71,27.42,3.4,4.97
138,2,오후 4:35:29.4,1.6,26.35,4.3,3.54
139,3,오후 4:35:57.0,2.63,21.79,3.42,4.41
140,3,오후 4:36:02.0,1.88,23.83,3.44,4.18
141,3,오후 4:36:07.0,2.5,24.53,4.25,4.86
142,3,오후 4:36:12.0,2.91,25.88,3.87,4.76
143,3,오후 4:36:17.0,1.63,25.86,4.17,3.42
144,3,오후 4:36:22.0,1.71,23.18,3.61,4.53
145,3,오후 4:36:27.0,2.31,23.45,4.4,3.4
146,3,오후 4:36:32.0,2.77,24.27,4.37,3.57
147,3,오후 4:36:37.0,1.98,24.08,3.97,3.71
148,3,오후 4:36:42.0,2.76,24.83,3.83,4.65
149,3,오후 4:36:47.0,1.98,24.08,3.16,4.51
150,3,오후 4:36:52.0,2.6,23.09,3.42,3.59
151,3,오후 4:36:57.1,1.92,22.63,3.1,3.29
152,3,오후 4:37:02.1,2.07,22.99,4.14,4.86
153,3,오후 4:37:07.1,2.75,23.5,3.12,3.61
154,3,오후 4:37:12.1,2.4,24.71,3.56,3.15
155,3,오후 4:37:17.1,2.69,23.96,3.55,3.72
156,3,오후 4:37:22.1,1.86,24.09,4.18,3.84
157,3,오후 4:37:27.1,1.87,24.19,3.3,3.91
158,3,오후 4:37:32.1,1.58,21.11,3.28,3.21
159,3,오후 4:37:37.1,1.74,22.77,4.23,4.74
160,3,오후 4:37:42.1,1.85,24.81,3.69,4.95
161,3,오후 4:37:47.1,2.78,26.24,3.45,3.34
162,3,오후 4:37:52.1,2.98,26.73,4.15,3.91
163,3,오후 4:37:57.1,1.9,26.08,3.21,3.46
164,3,오후 4:38:02.1,2.18,26.22,4.39,4.88
165,3,오후 4:38:07.1,1.68,22.57,3.93,3.41
166,3,오후 4:38:12.1,2.98,24.55,3.31,3.77
167,3,오후 4:38:17.1,2.76,21.86,3.06,4.29
168,3,오후 4:38:22.1,2.9,21.38,3.37,4.79
169,3,오후 4:38:27.1,1.94,27.36,3.34,4.47
170,3,오후 4:38:32.1,2.82,24.46,3.01,3.73
171,3,오후 4:38:37.2,1.51,27.21,3.54,4.42
172,3,오후 4:38:42.2,2.25,23.17,4.23,4.77
173,3,오후 4:38:47.2,2.03,27.98,4.15,3.67
174,3,오후 4:38:52.2,2.76,21.8,3.04,3.76
175,3,오후 4:38:57.2,1.9,26.84,4.37,3.12
176,3,오후 4:39:02.2,2.65,27.74,3.29,4.73
177,3,오후 4:39:07.2,2.15,24.67,3.78,4.43
178,3,오후 4:39:12.2,2.71,22.82,3.69,3.43
179,3,오후 4:39:17.2,2.32,27.17,3.25,3.02
180,3,오후 4:39:22.2,2.07,24.17,3.48,4.34
181,3,오후 4:39:27.2,2.82,27.87,3.91,3.85
182,3,오후 4:39:32.2,2.23,25.4,3.54,4.56
183,3,오후 4:39:37.2,2.88,26.74,3.23,3.81
184,3,오후 4:39:42.2,2.56,24.68,3.91,4.71
185,3,오후 4:39:47.2,1.87,26.59,4.36,3.63
186,3,오후 4:39:52.2,2.76,24.15,3.77,4.47
187,3,오후 4:39:57.2,2.03,21.58,3.82,3.58
188,3,오후 4:40:02.2,3.81,23.86,3.92,4.29
189,3,오후 4:40:07.2,3.01,27.17,4.33,3.82
190,3,오후 4:40:12.2,2.1,22.55,4.25,4.32
191,3,오후 4:40:17.2,1.73,27.14,3.94,3.84
192,3,오후 4:40:22.2,2.93,26.99,4.12,4.24
193,3,오후 4:40:27.2,2.3,27.18,3.7,4.57
194,3,오후 4:40:32.2,2.96,23.83,3.07,4.38
195,3,오후 4:40:37.2,2.55,26.49,3.49,4.03
196,3,오후 4:40:42.3,2.08,26.6,4.05,4.34
197,3,오후 4:40:47.3,1.73,27.51,3.76,4.24
198,3,오후 4:40:52.3,2.38,23.23,3.01,3.24
199,3,오후 4:40:57.3,2.23,24.06,3.35,3.29
200,3,오후 4:41:02.3,2.14,24.16,3.17,4.26
201,3,오후 4:41:07.3,2.05,26.57,3.14,3.45
202,3,오후 4:41:12.3,2.99,26.7,3.38,4.72
203,3,오후 4:41:17.3,1.68,26.64,3.17,3.79
204,3,오후 4:41:22.3,2.8,25.31,3.79,3.11
205,3,오후 4:41:27.3,2.54,24.64,4.28,4.58
206,3,오후 4:41:32.3,2.85,26.56,3.82,3.25
207,3,오후 4:41:37.3,1.75,23.22,3.97,3.69
208,4,오후 4:42:03.5,2.24,22.79,3.17,4.21
209,4,오후 4:42:08.5,2.44,23.35,3.64,3.22
210,4,오후 4:42:13.5,1.75,23.1,3.9,4.95
211,4,오후 4:42:18.5,3.03,23.7,1.56,4.43
212,4,오후 4:42:23.5,2.71,23.7,3.5,3.12
213,4,오후 4:42:28.5,1.62,26.33,4.34,4.36
214,4,오후 4:42:33.5,2.29,27.87,3.88,4.2
215,4,오후 4:42:38.5,1.79,25.82,3.42,4.19
216,4,오후 4:42:43.5,1.97,27.12,3.59,3.03
217,4,오후 4:42:48.5,2.61,26.95,3.33,4.54
218,4,오후 4:42:53.5,1.62,21.69,3.85,3.75
219,4,오후 4:42:58.5,3.03,23.7,1.56,4.43
220,4,오후 4:43:03.5,2.77,25.74,3.25,3.16
221,4,오후 4:43:08.5,2.35,25.05,3.23,4.07
222,4,오후 4:43:13.5,1.92,24.8,4.18,3.21
223,4,오후 4:43:18.5,1.76,27.76,4.1,3.95
224,4,오후 4:43:23.5,2.11,26.55,3.03,3.86
225,4,오후 4:43:28.5,1.65,27.86,3.49,4.77
226,4,오후 4:43:33.5,2.92,23.02,3.94,4.2
227,4,오후 4:43:38.5,1.97,27.98,3.86,3.34
228,4,오후 4:43:43.5,2.53,21.63,4.2,4.36
229,4,오후 4:43:48.5,2.08,23.33,3.32,4.27
230,4,오후 4:43:53.5,2.52,22.05,4.35,4.52
231,4,오후 4:43:58.5,1.58,24.93,4.06,4.92
232,4,오후 4:44:03.6,2.69,25.76,3.44,4.27
233,4,오후 4:44:08.6,2.59,23.92,3.15,4.89
234,4,오후 4:44:13.6,2.23,25.07,3.03,3.42
235,4,오후 4:44:18.6,1.91,21.06,3.06,3.46
236,4,오후 4:44:23.6,2.11,27.31,3.14,4.24
237,4,오후 4:44:28.6,2.91,26.67,3.46,3.97
238,4,오후 4:44:33.6,2.36,24.21,3.39,4.97
239,4,오후 4:44:38.6,1.96,24.7,3.5,4.3
240,4,오후 4:44:43.6,2.43,21.29,3.99,4.39
241,4,오후 4:44:48.6,2.09,23.74,4.1,4.41
242,4,오후 4:44:53.6,2.91,25.16,3.39,3.25
243,4,오후 4:44:58.6,1.54,23.93,3.49,4.91
244,4,오후 4:45:03.6,2.53,27.07,3.7,4.98
245,4,오후 4:45:08.6,2.49,25.35,3.61,4.97
246,4,오후 4:45:13.6,2.18,26.19,4.36,3.18
247,4,오후 4:45:18.6,2.78,22.93,3.67,4.9
248,4,오후 4:45:23.6,1.92,22.91,4.14,3.78
249,4,오후 4:45:28.6,2.6,24.98,3.76,4.01
250,4,오후 4:45:33.6,1.6,25.38,3.02,4.19
251,4,오후 4:45:38.6,1.95,24.59,4.28,3.81
252,4,오후 4:45:43.6,2.97,22.77,3.92,4.09
253,4,오후 4:45:48.7,2.42,22.95,4.25,4.86
254,4,오후 4:45:53.7,3.03,23.7,1.56,4.43
255,4,오후 4:45:58.7,2.84,24.22,3.26,4.17
256,4,오후 4:46:03.7,2.03,27.73,3.5,3.56
257,4,오후 4:46:08.7,2.57,25.65,3.07,4.23
258,4,오후 4:46:13.7,2.69,25.68,3.72,4.26
259,4,오후 4:46:18.7,1.88,26.6,3.69,4.79
260,4,오후 4:46:23.7,2.05,25.23,3.82,4.43
261,4,오후 4:46:28.7,2.28,26.15,4.48,4.42
262,4,오후 4:46:33.7,1.61,21.36,4.08,3.16
263,4,오후 4:46:38.7,1.89,21.1,4.18,3.47
264,4,오후 4:46:43.7,2.39,22.82,3.05,3.88
265,4,오후 4:46:48.7,1.95,21.49,3.03,3.21
266,4,오후 4:46:53.7,2.78,26.67,4.21,3.64
267,4,오후 4:46:58.7,1.92,22.76,3.21,4.72
268,4,오후 4:47:03.7,2.24,24.36,3.48,4.83
269,4,오후 4:47:08.7,2.66,24.35,3.93,4.14
270,4,오후 4:47:13.7,2.34,25.36,3.83,4.34
271,4,오후 4:47:18.7,3.03,23.7,1.56,4.43
272,4,오후 4:47:23.7,2.15,22.88,3.21,3.28
273,4,오후 4:47:28.7,1.86,22.04,3.4,3.09
274,4,오후 4:47:33.8,2.46,22.57,3.88,3.84
275,4,오후 4:47:38.8,2.13,27.28,4.33,3.63
276,4,오후 4:47:43.8,2.42,23.33,3.98,3.63
277,5,오후 4:48:09.0,2.01,23.95,3.83,3.26
278,5,오후 4:48:14.0,2.32,24.32,3.02,3.71
279,5,오후 4:48:19.0,2.17,25.21,4.47,4.08
280,5,오후 4:48:24.0,2.68,25.81,3.19,3.3
281,5,오후 4:48:29.0,2.65,23.73,3.04,3.49
282,5,오후 4:48:34.0,1.68,24.97,3.21,3.94
283,5,오후 4:48:39.0,1.82,24.11,3.97,4.82
284,5,오후 4:48:44.0,2.7,21.98,4.15,3.33
285,5,오후 4:48:49.0,1.51,23.93,4.03,3.14
286,5,오후 4:48:54.1,2.53,27.98,4.35,3.3
287,5,오후 4:48:59.1,2.67,23.08,3.92,3.39
288,5,오후 4:49:04.1,1.9,22.18,3.96,3.53
289,5,오후 4:49:09.1,2.03,24.31,3.19,4.3
290,5,오후 4:49:14.1,2.34,24.76,4.15,3.25
291,5,오후 4:49:19.1,1.57,26.79,4.42,4.43
292,5,오후 4:49:24.1,1.99,24.73,4.21,3.1
293,5,오후 4:49:29.1,1.62,23.43,4.0,3.8
294,5,오후 4:49:34.1,2.46,27.81,3.57,4.73
295,5,오후 4:49:39.1,1.83,21.72,3.61,4.94
296,5,오후 4:49:44.1,2.2,21.36,3.83,3.97
297,5,오후 4:49:49.1,1.92,24.84,3.75,4.27
298,5,오후 4:49:54.1,1.91,25.22,3.18,3.55
299,5,오후 4:49:59.1,1.7,27.38,3.9,3.89
300,5,오후 4:50:04.1,1.67,22.06,3.47,4.7
301,5,오후 4:50:09.1,1.6,24.65,4.08,3.2
302,5,오후 4:50:14.1,2.09,26.75,3.97,3.12
303,5,오후 4:50:19.1,1.78,25.35,4.44,4.15
304,5,오후 4:50:24.1,2.76,27.13,3.91,3.35
305,5,오후 4:50:29.1,1.76,22.73,4.19,4.21
306,5,오후 4:50:34.1,2.69,27.05,4.26,4.21
307,5,오후 4:50:39.1,2.49,25.0,3.06,3.67
308,5,오후 4:50:44.1,2.44,23.44,3.04,3.73
309,5,오후 4:50:49.2,1.88,22.49,4.06,3.36
310,5,오후 4:50:54.2,1.75,26.87,3.26,4.51
311,5,오후 4:50:59.2,2.34,25.74,3.46,3.49
312,5,오후 4:51:04.2,2.91,27.08,3.45,3.37
313,5,오후 4:51:09.2,2.96,22.15,3.68,4.58
314,5,오후 4:51:14.2,2.44,24.21,3.17,4.88
315,5,오후 4:51:19.2,2.52,25.44,4.27,3.71
316,5,오후 4:51:24.2,2.85,21.27,3.35,4.32
317,5,오후 4:51:29.2,1.8,23.36,4.47,4.57
318,5,오후 4:51:34.2,2.88,23.16,3.44,4.54
319,5,오후 4:51:39.2,2.69,27.15,3.65,1.04
320,5,오후 4:51:44.2,2.53,24.71,3.09,4.47
321,5,오후 4:51:49.2,1.56,24.86,3.72,4.71
322,5,오후 4:51:54.2,1.58,26.08,4.49,4.43
323,5,오후 4:51:59.2,2.1,22.02,4.26,3.72
324,5,오후 4:52:04.2,2.01,27.62,3.38,3.19
325,5,오후 4:52:09.2,2.96,24.79,4.35,4.04
326,5,오후 4:52:14.2,2.55,24.01,4.21,4.64
327,5,오후 4:52:19.2,2.83,22.37,4.28,4.73
328,5,오후 4:52:24.2,2.58,22.27,2.29,3.32
329,5,오후 4:52:29.2,1.88,27.59,4.45,3.66
330,5,오후 4:52:34.2,1.84,27.78,3.99,3.74
331,5,오후 4:52:39.3,2.59,23.92,3.11,3.33
332,5,오후 4:52:44.3,2.75,27.86,4.35,3.6
333,5,오후 4:52:49.3,2.24,22.14,3.18,4.64
334,5,오후 4:52:54.3,2.12,25.68,3.26,3.81
335,5,오후 4:52:59.3,2.83,25.22,3.51,4.73
336,5,오후 4:53:04.3,2.56,26.11,3.8,3.15
337,5,오후 4:53:09.3,4.26,23.09,1.95,4.73
338,5,오후 4:53:14.3,1.86,24.58,4.19,4.08
339,5,오후 4:53:19.3,1.94,26.56,4.37,3.31
340,5,오후 4:53:24.3,2.08,25.99,4.18,3.83
341,5,오후 4:53:29.3,2.34,26.43,3.52,3.36
342,5,오후 4:53:34.3,2.31,21.92,3.37,3.59
343,5,오후 4:53:39.3,2.3,23.97,4.05,3.37
344,5,오후 4:53:44.3,2.97,23.68,3.55,4.97
345,5,오후 4:53:49.3,2.16,22.82,3.27,3.07
346,6,오후 4:54:16.0,2.74,24.03,3.75,4.1
347,6,오후 4:54:21.0,2.36,26.28,3.9,3.81
348,6,오후 4:54:26.0,2.6,22.5,3.32,3.01
349,6,오후 4:54:31.0,2.09,21.85,4.2,3.11
350,6,오후 4:54:36.1,2.51,25.05,3.48,3.46
351,6,오후 4:54:41.1,2.76,26.01,3.86,3.76
352,6,오후 4:54:46.1,2.55,24.36,3.56,4.61
353,6,오후 4:54:51.1,2.95,23.99,3.52,3.49
354,6,오후 4:54:56.1,3.59,22.77,3.4,1.43
355,6,오후 4:55:01.1,2.32,22.26,4.32,3.31
356,6,오후 4:55:06.1,1.99,21.76,3.07,4.15
357,6,오후 4:55:11.1,2.02,26.05,3.11,3.72
358,6,오후 4:55:16.1,2.61,21.8,3.19,3.92
359,6,오후 4:55:21.1,1.58,26.84,3.74,4.44
360,6,오후 4:55:26.1,2.75,23.37,3.7,3.46
361,6,오후 4:55:31.1,1.93,24.78,3.64,3.33
362,6,오후 4:55:36.1,2.9,22.95,4.43,4.43
363,6,오후 4:55:41.1,1.67,22.56,3.68,4.98
364,6,오후 4:55:46.1,2.82,21.59,3.13,3.39
365,6,오후 4:55:51.1,2.99,24.31,4.19,4.45
366,6,오후 4:55:56.1,2.69,22.81,3.38,4.27
367,6,오후 4:56:01.2,2.75,24.46,4.02,3.6
368,6,오후 4:56:06.2,1.91,22.72,3.83,3.53
369,6,오후 4:56:11.2,1.78,26.97,4.2,4.13
370,6,오후 4:56:16.2,2.83,21.59,3.52,4.99
371,6,오후 4:56:21.2,2.14,23.95,3.95,3.45
372,6,오후 4:56:26.2,3.59,22.77,3.4,1.43
373,6,오후 4:56:31.2,2.37,21.98,4.05,4.61
374,6,오후 4:56:36.2,2.97,24.37,3.85,4.44
375,6,오후 4:56:41.2,1.58,26.31,4.41,4.41
376,6,오후 4:56:46.2,1.88,27.45,3.21,4.26
377,6,오후 4:56:51.2,1.59,26.06,3.57,3.83
378,6,오후 4:56:56.2,2.82,27.9,3.93,4.64
379,6,오후 4:57:01.2,2.39,23.53,3.52,4.07
380,6,오후 4:57:06.2,1.99,23.22,3.01,3.94
381,6,오후 4:57:11.2,1.9,27.43,3.72,3.54
382,6,오후 4:57:16.2,1.8,25.93,4.37,3.61
383,6,오후 4:57:21.2,2.2,21.02,3.09,3.66
384,6,오후 4:57:26.2,2.14,26.56,3.05,3.4
385,6,오후 4:57:31.2,2.09,25.28,3.82,4.18
386,6,오후 4:57:36.3,1.94,21.08,3.06,3.35
387,6,오후 4:57:41.3,2.79,24.6,4.08,3.06
388,6,오후 4:57:46.3,3.59,22.77,3.4,1.43
389,6,오후 4:57:51.3,2.3,26.68,3.02,4.26
390,6,오후 4:57:56.3,2.03,27.83,3.18,4.36
391,6,오후 4:58:01.3,2.14,26.89,3.96,3.27
392,6,오후 4:58:06.3,1.57,25.17,4.33,3.65
393,6,오후 4:58:11.3,1.75,26.28,3.72,4.73
394,6,오후 4:58:16.3,2.41,26.88,4.14,3.1
395,6,오후 4:58:21.3,2.11,25.87,3.83,3.76
396,6,오후 4:58:26.3,1.83,25.17,3.18,3.18
397,6,오후 4:58:31.3,2.6,21.14,3.01,4.1
398,6,오후 4:58:36.3,2.44,26.74,3.41,4.73
399,6,오후 4:58:41.3,3.59,22.77,3.4,1.43
400,6,오후 4:58:46.3,2.92,21.26,3.75,4.32
401,6,오후 4:58:51.3,2.65,22.5,3.02,3.34
402,6,오후 4:58:56.3,1.63,27.57,4.01,4.48
403,6,오후 4:59:01.3,1.98,21.67,3.17,4.8
404,6,오후 4:59:06.4,2.13,26.46,3.59,4.95
405,6,오후 4:59:11.4,1.74,22.58,4.12,4.85
406,6,오후 4:59:16.4,1.6,22.93,4.31,3.94
407,6,오후 4:59:21.4,2.45,24.66,3.52,3.33
408,6,오후 4:59:26.4,1.95,26.96,3.01,3.92
409,6,오후 4:59:31.4,2.15,23.19,3.47,4.15
410,6,오후 4:59:36.4,2.73,27.49,3.08,3.11
411,6,오후 4:59:41.4,1.88,26.54,4.16,3.04
412,6,오후 4:59:46.4,2.85,27.77,3.58,4.22
413,6,오후 4:59:51.4,2.4,26.5,3.03,3.84
414,6,오후 4:59:56.4,1.61,23.81,3.88,4.15
415,7,오후 5:00:24.1,2.58,25.01,4.17,4.64
416,7,오후 5:00:29.1,2.58,21.13,4.26,4.67
417,7,오후 5:00:34.1,2.41,26.29,3.62,3.74
418,7,오후 5:00:39.1,1.55,26.52,3.24,4.47
419,7,오후 5:00:44.1,2.29,25.39,4.1,4.22
420,7,오후 5:00:49.1,2.08,22.7,3.2,4.49
421,7,오후 5:00:54.1,2.58,26.09,3.54,3.37
422,7,오후 5:00:59.1,2.81,22.79,4.03,3.52
423,7,오후 5:01:04.1,2.14,22.48,4.33,4.14
424,7,오후 5:01:09.1,2.41,22.39,3.34,4.13
425,7,오후 5:01:14.1,2.48,21.88,3.23,4.06
426,7,오후 5:01:19.2,2.63,22.66,4.31,4.71
427,7,오후 5:01:24.2,1.68,22.39,3.9,3.55
428,7,오후 5:01:29.2,2.63,27.43,3.72,4.01
429,7,오후 5:01:34.2,2.58,25.3,4.4,3.9
430,7,오후 5:01:39.2,1.95,23.17,3.38,4.42
431,7,오후 5:01:44.2,1.56,27.75,3.11,3.16
432,7,오후 5:01:49.2,1.96,24.22,3.47,4.08
433,7,오후 5:01:54.2,1.82,23.06,3.11,4.0
434,7,오후 5:01:59.2,2.16,24.11,3.56,3.66
435,7,오후 5:02:04.2,2.59,21.87,4.36,4.28
436,7,오후 5:02:09.2,2.61,23.4,4.03,3.04
437,7,오후 5:02:14.2,2.7,27.41,3.29,3.72
438,7,오후 5:02:19.2,1.63,25.8,4.03,4.45
439,7,오후 5:02:24.2,1.82,25.39,3.47,4.84
440,7,오후 5:02:29.2,1.69,25.32,3.33,4.13
441,7,오후 5:02:34.2,2.72,21.5,3.78,3.76
442,7,오후 5:02:39.2,2.84,27.19,3.05,4.1
443,7,오후 5:02:44.2,1.58,21.92,4.47,3.22
444,7,오후 5:02:49.2,2.71,24.16,3.34,4.43
445,7,오후 5:02:54.2,2.22,26.41,4.26,3.91
446,7,오후 5:02:59.3,2.82,22.63,3.97,4.74
447,7,오후 5:03:04.3,2.91,25.38,4.4,3.33
448,7,오후 5:03:09.3,2.43,24.03,3.31,3.64
449,7,오후 5:03:14.3,1.99,21.43,3.55,4.75
450,7,오후 5:03:19.3,2.55,24.25,4.41,3.73
451,7,오후 5:03:24.3,1.73,27.38,3.31,4.77
452,7,오후 5:03:29.3,2.33,21.37,3.76,3.18
453,7,오후 5:03:34.3,2.51,25.24,3.36,4.76
454,7,오후 5:03:39.3,2.21,27.31,4.07,3.66
455,7,오후 5:03:44.3,2.01,25.22,3.87,4.09
456,7,오후 5:03:49.3,2.03,21.73,3.11,4.2
457,7,오후 5:03:54.3,2.17,24.5,3.75,3.27
458,7,오후 5:03:59.3,2.87,23.2,3.88,3.2
459,7,오후 5:04:04.3,1.96,24.7,3.84,3.97
460,7,오후 5:04:09.3,2.3,24.09,3.22,3.31
461,7,오후 5:04:14.3,2.75,24.11,3.74,4.27
462,7,오후 5:04:19.3,2.95,25.89,3.97,3.4
463,7,오후 5:04:24.3,1.68,27.77,3.9,3.22
464,7,오후 5:04:29.4,2.77,21.4,3.52,4.04
465,7,오후 5:04:34.4,1.52,24.85,3.57,4.87
466,7,오후 5:04:39.4,2.42,22.98,3.28,4.96
467,7,오후 5:04:44.4,2.99,23.84,3.98,3.86
468,7,오후 5:04:49.4,2.24,25.92,4.0,3.3
469,7,오후 5:04:54.4,1.81,23.16,4.25,3.09
470,7,오후 5:04:59.4,2.8,24.81,3.3,4.73
471,7,오후 5:05:04.4,2.87,24.9,3.86,3.43
472,7,오후 5:05:09.4,2.76,23.54,3.36,4.32
473,7,오후 5:05:14.4,2.13,26.32,3.83,3.57
474,7,오후 5:05:19.4,2.42,21.79,3.56,4.82
475,7,오후 5:05:24.4,2.5,24.01,3.57,3.5
476,7,오후 5:05:29.4,2.94,22.16,4.1,3.94
477,7,오후 5:05:34.4,2.49,26.39,4.44,4.94
478,7,오후 5:05:39.4,2.82,22.03,3.39,4.24
479,7,오후 5:05:44.4,1.9,24.07,3.08,3.31
480,7,오후 5:05:49.4,2.1,23.85,3.62,3.71
481,7,오후 5:05:54.4,2.68,27.62,3.42,3.51
482,7,오후 5:05:59.4,2.06,23.96,3.34,3.86
483,7,오후 5:06:04.4,1.72,27.24,3.14,3.07
484,8,오후 5:06:32.2,1.98,22.11,4.45,3.55
485,8,오후 5:06:37.2,2.19,24.54,4.46,3.4
486,8,오후 5:06:42.2,2.55,23.01,3.62,3.17
487,8,오후 5:06:47.2,1.6,25.8,3.7,3.19
488,8,오후 5:06:52.2,1.84,25.91,4.49,4.3
489,8,오후 5:06:57.2,1.74,26.91,3.2,4.95
490,8,오후 5:07:02.3,1.92,24.72,4.03,3.24
491,8,오후 5:07:07.3,2.97,22.85,3.45,4.3
492,8,오후 5:07:12.3,1.89,24.75,3.37,4.76
493,8,오후 5:07:17.3,2.49,22.96,3.64,3.06
494,8,오후 5:07:22.3,2.82,24.1,4.23,4.1
495,8,오후 5:07:27.3,2.58,23.68,3.33,4.25
496,8,오후 5:07:32.3,1.53,21.78,3.59,3.71
497,8,오후 5:07:37.3,2.21,24.43,3.98,4.46
498,8,오후 5:07:42.3,2.75,23.74,3.47,3.39
499,8,오후 5:07:47.3,2.93,24.69,3.95,3.11
500,8,오후 5:07:52.3,1.94,23.99,4.18,4.02
501,8,오후 5:07:57.3,1.92,23.87,4.26,3.14
502,8,오후 5:08:02.3,2.88,22.07,4.46,3.63
503,8,오후 5:08:07.3,1.8,25.9,3.93,4.08
504,8,오후 5:08:12.3,2.33,22.67,4.4,3.45
505,8,오후 5:08:17.3,2.75,23.2,3.12,4.02
506,8,오후 5:08:22.3,1.73,23.32,3.88,4.22
507,8,오후 5:08:27.3,2.81,24.51,4.12,4.59
508,8,오후 5:08:32.3,2.69,25.47,3.03,4.85
509,8,오후 5:08:37.3,2.53,25.29,4.33,3.75
510,8,오후 5:08:42.3,2.46,27.49,3.68,4.85
511,8,오후 5:08:47.3,2.09,22.26,4.25,3.74
512,8,오후 5:08:52.3,2.2,23.26,3.77,4.32
513,8,오후 5:08:57.3,2.2,23.74,3.27,3.96
514,8,오후 5:09:02.4,1.75,25.97,3.82,3.5
515,8,오후 5:09:07.4,2.7,21.69,3.8,3.35
516,8,오후 5:09:12.4,2.67,21.4,4.36,3.28
517,8,오후 5:09:17.4,1.95,22.99,3.56,3.77
518,8,오후 5:09:22.4,2.36,25.58,3.82,4.27
519,8,오후 5:09:27.4,2.35,23.59,3.3,3.83
520,8,오후 5:09:32.4,2.55,23.14,3.03,3.71
521,8,오후 5:09:37.4,2.0,25.38,4.14,3.31
522,8,오후 5:09:42.4,2.13,26.02,4.1,3.69
523,8,오후 5:09:47.4,2.23,25.44,4.22,3.1
524,8,오후 5:09:52.4,1.91,27.76,4.08,3.6
525,8,오후 5:09:57.4,2.33,23.49,3.22,3.37
526,8,오후 5:10:02.4,2.93,26.39,4.08,3.21
527,8,오후 5:10:07.4,1.78,21.36,4.34,3.38
528,8,오후 5:10:12.4,2.2,27.3,3.64,3.17
529,8,오후 5:10:17.4,2.57,24.23,4.35,4.14
530,8,오후 5:10:22.5,2.32,22.05,3.79,4.91
531,8,오후 5:10:27.5,1.81,25.52,3.86,4.63
532,8,오후 5:10:32.5,2.3,21.94,4.06,4.93
533,8,오후 5:10:37.5,2.19,22.97,4.18,4.03
534,8,오후 5:10:42.5,2.91,22.51,3.92,3.87
535,8,오후 5:10:47.5,1.67,25.07,4.04,4.16
536,8,오후 5:10:52.5,2.34,26.04,3.76,4.66
537,8,오후 5:10:57.5,2.82,25.95,4.19,3.46
538,8,오후 5:11:02.5,1.75,27.45,3.35,4.57
539,8,오후 5:11:07.5,2.53,24.08,3.75,4.46
540,8,오후 5:11:12.5,2.22,25.55,3.38,3.79
541,8,오후 5:11:17.5,2.05,25.59,3.87,4.5
542,8,오후 5:11:22.5,2.4,27.28,3.49,3.53
543,8,오후 5:11:27.5,2.13,22.67,4.1,3.38
544,8,오후 5:11:32.5,1.74,24.91,4.22,3.46
545,8,오후 5:11:37.5,1.59,24.7,3.62,4.61
546,8,오후 5:11:42.6,2.39,22.29,4.07,3.45
547,8,오후 5:11:47.6,2.69,24.64,4.27,4.57
548,8,오후 5:11:52.6,2.09,23.83,3.83,3.11
549,8,오후 5:11:57.6,2.61,25.68,3.77,3.74
550,8,오후 5:12:02.6,2.79,21.1,3.51,3.79
551,8,오후 5:12:07.6,2.15,21.4,3.93,4.55
552,8,오후 5:12:12.6,1.56,24.29,4.45,4.94
553,9,오후 5:12:40.4,2.05,25.93,3.59,3.83
554,9,오후 5:12:45.4,2.23,24.85,3.75,4.1
555,9,오후 5:12:50.4,2.59,23.03,3.63,4.94
556,9,오후 5:12:55.5,1.8,21.36,3.05,3.99
557,9,오후 5:13:00.5,2.57,22.6,3.47,4.89
558,9,오후 5:13:05.5,2.83,22.74,3.77,3.18
559,9,오후 5:13:10.5,2.1,24.88,4.23,4.38
560,9,오후 5:13:15.5,2.77,24.14,3.33,4.11
561,9,오후 5:13:20.5,1.83,25.89,3.49,4.68
562,9,오후 5:13:25.5,1.99,26.7,3.61,3.5
563,9,오후 5:13:30.5,2.85,25.29,4.08,4.63
564,9,오후 5:13:35.5,2.19,25.18,3.02,3.02
565,9,오후 5:13:40.5,2.53,21.8,3.8,3.75
566,9,오후 5:13:45.5,2.02,22.91,4.4,4.14
567,9,오후 5:13:50.5,1.67,25.87,4.41,3.83
568,9,오후 5:13:55.5,2.59,23.02,3.54,4.4
569,9,오후 5:14:00.5,1.86,21.45,3.1,3.89
570,9,오후 5:14:05.5,2.39,23.17,3.49,3.93
571,9,오후 5:14:10.5,2.35,26.87,3.23,3.35
572,9,오후 5:14:15.5,2.01,21.11,4.0,4.87
573,9,오후 5:14:20.5,1.74,26.45,4.23,3.72
574,9,오후 5:14:25.5,2.93,24.21,3.87,3.1
575,9,오후 5:14:30.5,1.6,24.91,3.54,4.4
576,9,오후 5:14:35.6,3.32,27.06,3.76,4.46
577,9,오후 5:14:40.6,1.94,27.4,3.93,3.42
578,9,오후 5:14:45.6,2.65,26.19,3.29,3.49
579,9,오후 5:14:50.6,1.61,25.2,4.25,3.59
580,9,오후 5:14:55.6,2.13,24.44,3.18,4.92
581,9,오후 5:15:00.6,2.04,27.82,3.36,4.44
582,9,오후 5:15:05.6,2.31,24.13,3.87,3.81
583,9,오후 5:15:10.6,2.23,22.44,3.02,3.37
584,9,오후 5:15:15.6,2.24,25.57,4.47,3.03
585,9,오후 5:15:20.6,1.61,27.71,4.32,4.0
586,9,오후 5:15:25.6,1.7,25.24,4.23,4.48
587,9,오후 5:15:30.6,2.38,21.78,3.02,3.54
588,9,오후 5:15:35.6,2.6,24.4,3.99,3.67
589,9,오후 5:15:40.6,2.92,23.3,3.07,3.17
590,9,오후 5:15:45.6,1.73,23.46,4.06,3.11
591,9,오후 5:15:50.6,2.4,22.88,3.99,3.89
592,9,오후 5:15:55.6,2.15,24.67,3.32,4.33
593,9,오후 5:16:00.6,2.99,23.65,3.51,4.43
594,9,오후 5:16:05.7,2.05,23.32,4.3,3.77
595,9,오후 5:16:10.7,2.95,24.2,3.61,3.75
596,9,오후 5:16:15.7,2.57,23.85,4.32,3.94
597,9,오후 5:16:20.7,2.0,27.91,3.81,4.19
598,9,오후 5:16:25.7,1.79,27.48,4.19,4.83
599,9,오후 5:16:30.7,2.73,27.69,3.59,3.93
600,9,오후 5:16:35.7,2.9,22.9,4.42,3.61
601,9,오후 5:16:40.7,3.98,26.2,3.98,2.04
602,9,오후 5:16:45.7,2.87,23.04,3.45,4.15
603,9,오후 5:16:50.7,1.84,21.37,3.67,4.37
604,9,오후 5:16:55.7,2.08,24.2,3.12,4.91
605,9,오후 5:17:00.7,1.78,26.63,3.74,3.37
606,9,오후 5:17:05.7,2.76,21.5,3.06,3.09
607,9,오후 5:17:10.7,2.74,22.22,3.93,3.5
608,9,오후 5:17:15.7,2.33,22.14,3.29,3.57
609,9,오후 5:17:20.7,2.09,25.12,3.65,4.0
610,9,오후 5:17:25.7,2.01,24.39,3.71,3.36
611,9,오후 5:17:30.7,2.3,22.97,3.93,4.74
612,9,오후 5:17:35.7,2.7,27.89,3.36,4.38
613,9,오후 5:17:40.7,2.72,23.1,4.39,4.6
614,9,오후 5:17:45.8,2.98,27.54,3.53,3.88
615,9,오후 5:17:50.8,1.66,25.27,3.33,4.39
616,9,오후 5:17:55.8,2.78,21.55,4.4,4.87
617,9,오후 5:18:00.8,2.12,27.22,4.4,4.3
618,9,오후 5:18:05.8,2.47,22.95,4.12,3.03
619,9,오후 5:18:10.8,2.08,27.47,4.35,4.51
620,9,오후 5:18:15.8,1.71,23.27,3.8,4.82
621,9,오후 5:18:20.8,1.97,26.96,3.02,3.02
622,10,오후 5:18:47.8,2.47,24.94,3.45,3.82
623,10,오후 5:18:52.8,1.86,22.53,4.31,3.47
624,10,오후 5:18:57.8,2.97,22.31,4.11,4.62
625,10,오후 5:19:02.8,2.01,27.99,4.3,3.88
626,10,오후 5:19:07.9,2.02,21.82,4.19,3.87
627,10,오후 5:19:12.9,2.56,23.48,3.74,4.9
628,10,오후 5:19:17.9,1.67,25.07,3.27,4.63
629,10,오후 5:19:22.9,2.88,26.6,3.83,4.77
630,10,오후 5:19:27.9,2.01,23.11,4.12,4.44
631,10,오후 5:19:32.9,2.36,23.43,3.13,3.12
632,10,오후 5:19:37.9,2.23,22.4,4.14,4.06
633,10,오후 5:19:42.9,2.17,27.59,3.27,3.65
634,10,오후 5:19:47.9,2.2,24.18,3.89,4.43
635,10,오후 5:19:52.9,1.57,24.09,3.33,4.49
636,10,오후 5:19:57.9,2.88,26.32,4.15,4.67
637,10,오후 5:20:02.9,2.16,22.07,3.71,4.48
638,10,오후 5:20:07.9,1.83,23.1,3.37,4.68
639,10,오후 5:20:12.9,2.22,26.44,3.21,3.06
640,10,오후 5:20:17.9,2.67,24.53,4.08,3.94
641,10,오후 5:20:22.9,2.93,24.44,3.66,4.66
642,10,오후 5:20:27.9,2.6,26.72,4.17,4.32
643,10,오후 5:20:32.9,2.48,27.67,3.64,4.43
644,10,오후 5:20:37.9,2.93,27.03,3.79,4.92
645,10,오후 5:20:43.0,1.71,22.18,3.62,4.54
646,10,오후 5:20:48.0,1.73,25.07,3.24,4.75
647,10,오후 5:20:53.0,1.97,22.55,3.77,3.83
648,10,오후 5:20:58.0,2.4,25.33,4.24,4.95
649,10,오후 5:21:03.0,2.03,22.61,4.41,3.87
650,10,오후 5:21:08.0,2.46,23.68,4.22,3.46
651,10,오후 5:21:13.0,1.82,23.26,3.4,4.17
652,10,오후 5:21:18.0,1.69,21.74,3.18,4.12
653,10,오후 5:21:23.0,2.33,22.9,3.47,4.84
654,10,오후 5:21:28.0,2.28,21.8,4.31,3.02
655,10,오후 5:21:33.0,2.4,23.78,3.47,4.05
656,10,오후 5:21:38.0,1.72,27.58,4.2,4.21
657,10,오후 5:21:43.0,2.98,27.74,3.94,3.18
658,10,오후 5:21:48.0,2.62,22.92,4.21,3.4
659,10,오후 5:21:53.0,2.57,25.46,4.25,4.16
660,10,오후 5:21:58.0,2.73,23.88,4.0,3.33
661,10,오후 5:22:03.0,2.77,21.24,3.57,4.71
662,10,오후 5:22:08.0,2.11,24.44,3.04,3.34
663,10,오후 5:22:13.0,1.74,22.88,4.4,3.83
664,10,오후 5:22:18.0,2.12,22.33,4.09,4.36
665,10,오후 5:22:23.1,2.66,27.55,3.54,4.08
666,10,오후 5:22:28.1,2.39,26.64,4.15,3.53
667,10,오후 5:22:33.1,2.29,24.3,3.97,4.64
668,10,오후 5:22:38.1,2.09,25.5,3.59,4.52
669,10,오후 5:22:43.1,2.77,26.21,4.09,4.17
670,10,오후 5:22:48.1,1.75,22.44,3.43,4.0
671,10,오후 5:22:53.1,2.71,23.06,4.47,4.93
672,10,오후 5:22:58.1,1.58,22.85,4.29,4.37
673,10,오후 5:23:03.1,1.75,23.63,3.35,4.56
674,10,오후 5:23:08.1,1.57,25.5,4.1,4.71
675,10,오후 5:23:13.1,2.21,26.96,3.28,4.39
676,10,오후 5:23:18.1,1.95,23.21,4.23,3.6
677,10,오후 5:23:23.1,1.63,27.17,3.78,4.92
678,10,오후 5:23:28.1,1.89,25.01,3.32,4.28
679,10,오후 5:23:33.1,2.19,22.13,3.66,3.26
680,10,오후 5:23:38.1,2.23,27.25,4.29,3.4
681,10,오후 5:23:43.1,2.35,24.76,4.19,3.17
682,10,오후 5:23:48.1,2.18,22.62,3.19,4.05
683,10,오후 5:23:53.1,2.11,24.96,3.71,3.49
684,10,오후 5:23:58.1,2.87,22.3,3.72,3.67
685,10,오후 5:24:03.1,2.75,25.36,3.21,4.09
686,10,오후 5:24:08.1,2.04,23.09,3.11,3.63
687,10,오후 5:24:13.1,2.69,23.25,4.11,4.93
688,10,오후 5:24:18.1,2.22,23.54,3.76,3.44
689,10,오후 5:24:23.1,1.83,27.84,3.46,3.25
690,10,오후 5:24:28.2,2.47,23.73,3.57,3.95
691,11,오후 5:24:54.9,2.85,24.71,3.91,3.77
692,11,오후 5:24:59.9,2.56,24.57,3.25,3.04
693,11,오후 5:25:04.9,2.13,23.44,4.2,3.35
694,11,오후 5:25:09.9,1.68,23.73,3.86,3.19
695,11,오후 5:25:14.9,2.89,22.44,4.23,3.52
696,11,오후 5:25:19.9,2.13,27.05,3.56,3.75
697,11,오후 5:25:24.9,2.65,24.19,3.36,4.5
698,11,오후 5:25:29.9,1.91,21.33,4.02,3.72
699,11,오후 5:25:34.9,2.05,25.46,4.27,3.69
700,11,오후 5:25:39.9,2.52,25.88,3.91,3.22
701,11,오후 5:25:44.9,1.72,21.26,3.38,3.51
702,11,오후 5:25:49.9,2.66,22.23,3.45,4.63
703,11,오후 5:25:54.9,2.85,25.21,3.7,4.2
704,11,오후 5:25:59.9,2.63,22.26,3.99,4.53
705,11,오후 5:26:04.9,2.18,21.51,3.19,3.69
706,11,오후 5:26:09.9,2.82,24.63,3.39,3.39
707,11,오후 5:26:14.9,2.19,22.9,3.3,4.66
708,11,오후 5:26:20.0,2.02,27.01,4.13,4.11
709,11,오후 5:26:25.0,2.7,26.34,4.05,3.55
710,11,오후 5:26:30.0,2.47,22.04,3.19,3.58
711,11,오후 5:26:35.0,2.22,23.29,3.11,4.83
712,11,오후 5:26:40.0,1.81,27.55,3.78,4.99
713,11,오후 5:26:45.0,2.58,21.44,3.59,4.02
714,11,오후 5:26:50.0,2.29,23.45,3.61,4.88
715,11,오후 5:26:55.0,2.06,22.2,3.94,3.88
716,11,오후 5:27:00.0,1.55,26.91,3.01,3.39
717,11,오후 5:27:05.0,2.79,24.56,4.33,4.49
718,11,오후 5:27:10.0,2.28,25.85,3.27,3.38
719,11,오후 5:27:15.0,2.53,23.39,4.35,4.2
720,11,오후 5:27:20.0,1.64,26.77,3.29,4.83
721,11,오후 5:27:25.0,2.36,27.11,3.28,4.87
722,11,오후 5:27:30.0,2.13,22.4,3.11,4.53
723,11,오후 5:27:35.0,2.36,26.17,3.16,4.25
724,11,오후 5:27:40.0,1.66,21.73,3.59,4.96
725,11,오후 5:27:45.0,1.55,25.27,3.38,3.5
726,11,오후 5:27:50.0,2.3,25.01,4.49,4.57
727,11,오후 5:27:55.0,1.67,23.11,3.24,4.46
728,11,오후 5:28:00.1,1.8,24.78,4.26,4.18
729,11,오후 5:28:05.1,2.85,25.44,3.11,4.55
730,11,오후 5:28:10.1,1.76,25.87,4.08,4.12
731,11,오후 5:28:15.1,2.0,26.21,4.27,3.22
732,11,오후 5:28:20.1,2.51,25.21,3.78,4.43
733,11,오후 5:28:25.1,2.71,25.8,4.4,4.64
734,11,오후 5:28:30.1,2.84,25.45,3.54,3.73
735,11,오후 5:28:35.1,1.54,23.54,3.97,4.36
736,11,오후 5:28:40.1,2.12,24.61,3.67,3.74
737,11,오후 5:28:45.1,4.31,22.44,3.66,4.38
738,11,오후 5:28:50.1,1.97,23.46,4.34,3.71
739,11,오후 5:28:55.1,2.02,24.88,4.06,4.81
740,11,오후 5:29:00.1,2.52,27.78,3.17,4.49
741,11,오후 5:29:05.1,2.57,26.84,3.11,4.9
742,11,오후 5:29:10.1,1.84,27.43,3.88,3.21
743,11,오후 5:29:15.1,2.99,27.4,3.81,3.71
744,11,오후 5:29:20.1,2.12,24.33,3.48,3.82
745,11,오후 5:29:25.1,2.14,23.18,4.24,4.81
746,11,오후 5:29:30.1,2.92,23.91,3.27,4.18
747,11,오후 5:29:35.2,2.49,22.16,4.11,4.8
748,11,오후 5:29:40.2,2.73,24.48,4.22,4.83
749,11,오후 5:29:45.2,1.59,23.68,3.39,3.76
750,11,오후 5:29:50.2,1.64,21.63,4.44,4.51
751,11,오후 5:29:55.2,2.99,23.03,3.16,4.55
752,11,오후 5:30:00.2,2.39,24.52,3.13,4.32
753,11,오후 5:30:05.2,2.51,22.61,3.37,3.45
754,11,오후 5:30:10.2,2.06,27.91,4.4,4.7
755,11,오후 5:30:15.2,2.31,23.76,3.03,3.06
756,11,오후 5:30:20.2,2.27,24.31,4.49,4.84
757,11,오후 5:30:25.2,1.77,24.24,4.18,3.53
758,11,오후 5:30:30.2,1.6,22.77,3.92,4.57
759,11,오후 5:30:35.2,1.88,26.09,3.41,3.08
760,12,오후 5:31:03.2,2.27,27.66,4.21,3.54
761,12,오후 5:31:08.2,2.02,23.46,3.01,3.12
762,12,오후 5:31:13.2,2.23,23.19,4.46,4.74
763,12,오후 5:31:18.2,1.94,21.8,3.57,3.29
764,12,오후 5:31:23.2,1.73,22.91,3.37,3.76
765,12,오후 5:31:28.2,2.35,26.98,3.55,4.8
766,12,오후 5:31:33.2,2.29,21.74,3.1,3.28
767,12,오후 5:31:38.2,2.8,23.49,3.23,3.5
768,12,오후 5:31:43.2,1.8,22.65,4.33,3.68
769,12,오후 5:31:48.2,2.33,25.42,3.18,3.66
770,12,오후 5:31:53.2,2.49,24.04,3.13,3.76
771,12,오후 5:31:58.2,2.01,23.21,3.02,3.72
772,12,오후 5:32:03.2,1.87,25.27,4.35,3.68
773,12,오후 5:32:08.2,1.86,22.88,4.44,4.22
774,12,오후 5:32:13.2,2.99,23.01,3.86,4.49
775,12,오후 5:32:18.2,1.78,26.46,3.59,4.04
776,12,오후 5:32:23.2,2.16,24.56,4.0,4.95
777,12,오후 5:32:28.2,2.29,22.36,3.56,4.7
778,12,오후 5:32:33.2,2.87,24.94,3.59,3.55
779,12,오후 5:32:38.2,2.67,24.04,4.26,4.68
780,12,오후 5:32:43.3,1.85,21.16,4.05,4.48
781,12,오후 5:32:48.3,2.05,25.5,3.11,4.9
782,12,오후 5:32:53.3,2.24,21.17,3.2,4.63
783,12,오후 5:32:58.3,2.38,25.86,4.18,4.6
784,12,오후 5:33:03.3,2.72,23.95,4.49,4.65
785,12,오후 5:33:08.3,1.73,22.33,3.38,3.08
786,12,오후 5:33:13.3,2.95,26.68,3.67,3.11
787,12,오후 5:33:18.3,2.44,21.89,3.92,3.01
788,12,오후 5:33:23.3,2.02,25.37,3.51,3.01
789,12,오후 5:33:28.3,1.94,27.45,4.22,3.94
790,12,오후 5:33:33.3,2.92,23.93,3.71,4.04
791,12,오후 5:33:38.3,2.11,24.0,3.39,3.26
792,12,오후 5:33:43.3,2.67,25.49,3.78,4.88
793,12,오후 5:33:48.3,2.16,21.52,3.66,4.14
794,12,오후 5:33:53.3,1.7,25.71,3.63,3.52
795,12,오후 5:33:58.3,1.96,26.03,4.06,4.32
796,12,오후 5:34:03.3,2.66,24.72,3.9,4.48
797,12,오후 5:34:08.3,1.64,22.24,3.67,3.41
798,12,오후 5:34:13.3,1.81,25.64,3.56,3.47
799,12,오후 5:34:18.3,1.76,21.87,4.23,3.98
800,12,오후 5:34:23.3,1.92,27.01,3.96,3.6
801,12,오후 5:34:28.4,1.73,27.08,3.88,4.99
802,12,오후 5:34:33.4,2.07,27.37,4.34,3.63
803,12,오후 5:34:38.4,2.16,25.36,4.31,3.42
804,12,오후 5:34:43.4,1.67,21.28,3.59,4.73
805,12,오후 5:34:48.4,1.97,26.3,1.87,2.23
806,12,오후 5:34:53.4,1.87,22.61,3.66,4.68
807,12,오후 5:34:58.4,2.93,25.75,3.09,4.02
808,12,오후 5:35:03.4,2.62,25.01,3.08,3.02
809,12,오후 5:35:08.4,2.24,21.74,3.37,4.8
810,12,오후 5:35:13.4,1.9,22.9,3.32,4.72
811,12,오후 5:35:18.4,2.31,26.64,3.43,4.54
812,12,오후 5:35:23.4,1.68,23.12,4.32,4.4
813,12,오후 5:35:28.4,2.18,23.45,3.45,3.88
814,12,오후 5:35:33.4,2.48,22.11,3.47,4.81
815,12,오후 5:35:38.4,2.13,23.32,3.25,4.41
816,12,오후 5:35:43.4,1.94,22.18,3.26,4.17
817,12,오후 5:35:48.4,1.6,25.42,3.06,3.05
818,12,오후 5:35:53.4,2.57,24.84,3.39,3.27
819,12,오후 5:35:58.4,1.66,25.09,3.7,3.61
820,12,오후 5:36:03.4,2.83,25.41,3.87,3.39
821,12,오후 5:36:08.4,1.55,22.96,3.83,4.52
822,12,오후 5:36:13.4,2.52,21.94,3.41,3.99
823,12,오후 5:36:18.4,2.32,23.35,4.27,4.7
824,12,오후 5:36:23.4,1.76,21.01,3.97,4.92
825,12,오후 5:36:28.5,2.96,21.4,3.15,4.89
826,12,오후 5:36:33.5,2.03,22.39,3.41,3.75
827,12,오후 5:36:38.5,2.48,21.62,3.6,3.01
828,12,오후 5:36:43.5,2.22,25.56,3.43,4.69
829,13,오후 5:37:09.2,2.9,24.49,3.59,3.91
830,13,오후 5:37:14.3,2.66,21.57,3.13,4.01
831,13,오후 5:37:19.3,2.98,21.27,3.22,3.18
832,13,오후 5:37:24.3,1.82,22.57,3.82,4.05
833,13,오후 5:37:29.3,2.3,26.43,3.79,3.76
834,13,오후 5:37:34.3,2.73,22.27,4.07,4.93
835,13,오후 5:37:39.3,1.59,21.8,3.73,3.64
836,13,오후 5:37:44.3,2.97,27.94,3.51,3.02
837,13,오후 5:37:49.3,1.97,25.65,4.44,4.37
838,13,오후 5:37:54.3,2.97,22.23,3.39,3.24
839,13,오후 5:37:59.3,2.68,24.67,3.79,4.6
840,13,오후 5:38:04.3,2.45,26.49,4.47,4.48
841,13,오후 5:38:09.3,2.88,21.27,3.9,3.67
842,13,오후 5:38:14.3,2.66,24.68,4.28,4.15
843,13,오후 5:38:19.3,2.71,22.96,4.09,3.53
844,13,오후 5:38:24.3,1.6,23.09,3.52,4.62
845,13,오후 5:38:29.3,2.1,27.81,3.98,3.12
846,13,오후 5:38:34.3,1.98,27.52,3.87,4.81
847,13,오후 5:38:39.3,2.4,27.29,4.17,3.34
848,13,오후 5:38:44.3,2.08,26.34,4.25,4.47
849,13,오후 5:38:49.4,2.15,19.57,1.78,1.84
850,13,오후 5:38:54.4,2.42,25.43,3.8,3.7
851,13,오후 5:38:59.4,2.64,22.88,3.84,4.47
852,13,오후 5:39:04.4,2.82,21.94,3.88,4.35
853,13,오후 5:39:09.4,2.45,23.89,3.05,3.31
854,13,오후 5:39:14.4,2.07,27.38,3.82,3.32
855,13,오후 5:39:19.4,1.55,25.06,3.45,3.68
856,13,오후 5:39:24.4,2.23,25.82,3.42,3.97
857,13,오후 5:39:29.4,3.76,24.59,2.49,2.08
858,13,오후 5:39:34.4,2.38,24.45,3.35,3.56
859,13,오후 5:39:39.4,2.04,25.75,3.34,4.46
860,13,오후 5:39:44.4,2.35,26.41,4.34,3.55
861,13,오후 5:39:49.4,2.92,26.17,3.84,3.73
862,13,오후 5:39:54.4,2.51,26.56,4.48,4.21
863,13,오후 5:39:59.4,1.51,24.62,3.52,3.07
864,13,오후 5:40:04.4,2.21,23.77,3.76,3.79
865,13,오후 5:40:09.4,2.49,25.55,4.21,3.55
866,13,오후 5:40:14.4,2.59,25.87,3.05,3.76
867,13,오후 5:40:19.4,2.04,23.79,3.11,3.5
868,13,오후 5:40:24.4,2.24,27.85,4.44,3.53
869,13,오후 5:40:29.4,1.54,27.37,3.81,4.38
870,13,오후 5:40:34.5,1.84,23.61,4.1,4.75
871,13,오후 5:40:39.5,1.56,26.11,3.57,3.3
872,13,오후 5:40:44.5,2.92,23.01,3.83,4.8
873,13,오후 5:40:49.5,2.02,21.52,4.15,3.69
874,13,오후 5:40:54.5,1.56,25.77,3.06,4.33
875,13,오후 5:40:59.5,2.61,23.91,4.22,4.12
876,13,오후 5:41:04.5,2.81,22.33,4.19,3.78
877,13,오후 5:41:09.5,1.88,24.76,4.01,3.36
878,13,오후 5:41:14.5,1.8,24.7,4.31,4.84
879,13,오후 5:41:19.5,1.51,22.06,3.4,3.01
880,13,오후 5:41:24.5,2.73,24.19,3.67,4.64
881,13,오후 5:41:29.5,2.68,24.22,3.71,3.49
882,13,오후 5:41:34.5,2.92,22.87,3.22,3.67
883,13,오후 5:41:39.5,1.97,27.51,3.14,4.33
884,13,오후 5:41:44.5,1.92,22.21,4.13,3.52
885,13,오후 5:41:49.5,2.68,22.18,4.38,4.15
886,13,오후 5:41:54.5,1.88,24.18,4.3,3.79
887,13,오후 5:41:59.5,2.73,21.36,4.1,4.13
888,13,오후 5:42:04.5,2.64,21.77,3.18,4.15
889,13,오후 5:42:09.6,2.17,22.74,3.1,3.31
890,13,오후 5:42:14.6,2.68,21.62,4.46,4.88
891,13,오후 5:42:19.6,2.23,22.76,4.28,4.47
892,13,오후 5:42:24.6,2.11,22.73,4.37,4.74
893,13,오후 5:42:29.6,2.42,23.34,3.57,3.63
894,13,오후 5:42:34.6,2.57,27.84,3.82,3.12
895,13,오후 5:42:39.6,1.96,23.71,3.48,4.37
896,13,오후 5:42:44.6,2.24,22.46,3.55,4.6
897,13,오후 5:42:49.6,2.15,22.21,4.29,4.2
898,14,오후 5:43:17.4,1.84,22.48,4.3,3.11
899,14,오후 5:43:22.4,2.37,23.39,4.45,3.56
900,14,오후 5:43:27.4,2.98,22.71,3.85,4.09
901,14,오후 5:43:32.4,2.48,24.52,4.13,3.5
902,14,오후 5:43:37.4,2.17,22.04,4.01,3.28
903,14,오후 5:43:42.4,2.46,24.34,3.62,3.64
904,14,오후 5:43:47.4,2.31,22.01,4.49,3.82
905,14,오후 5:43:52.4,2.58,23.11,3.46,3.86
906,14,오후 5:43:57.4,2.09,21.92,3.71,4.46
907,14,오후 5:44:02.4,1.77,24.83,3.46,4.63
908,14,오후 5:44:07.4,2.97,26.76,3.23,3.99
909,14,오후 5:44:12.4,2.36,25.54,4.28,3.88
910,14,오후 5:44:17.4,2.78,24.18,4.05,3.52
911,14,오후 5:44:22.5,1.73,27.7,4.31,3.9
912,14,오후 5:44:27.5,1.67,21.08,3.37,4.94
913,14,오후 5:44:32.5,1.86,22.33,4.18,3.92
914,14,오후 5:44:37.5,2.09,21.52,4.36,3.67
915,14,오후 5:44:42.5,1.82,21.12,3.25,4.4
916,14,오후 5:44:47.5,1.78,21.97,3.69,4.21
917,14,오후 5:44:52.5,2.77,25.85,3.29,3.8
918,14,오후 5:44:57.5,2.77,25.87,3.86,3.78
919,14,오후 5:45:02.5,2.59,26.52,3.11,4.73
920,14,오후 5:45:07.5,2.51,23.84,3.1,3.49
921,14,오후 5:45:12.5,4.19,25.56,4.09,2.27
922,14,오후 5:45:17.5,1.97,21.91,3.26,4.47
923,14,오후 5:45:22.5,2.59,23.51,4.28,3.65
924,14,오후 5:45:27.5,3.09,24.77,3.67,4.01
925,14,오후 5:45:32.5,2.14,23.72,3.2,4.92
926,14,오후 5:45:37.5,2.62,25.73,3.34,3.23
927,14,오후 5:45:42.5,2.75,24.1,3.01,3.52
928,14,오후 5:45:47.5,2.42,27.58,4.01,3.02
929,14,오후 5:45:52.5,2.07,25.72,4.03,3.45
930,14,오후 5:45:57.6,2.36,23.81,4.41,4.4
931,14,오후 5:46:02.6,2.77,22.46,3.21,3.32
932,14,오후 5:46:07.6,2.55,27.21,3.12,4.82
933,14,오후 5:46:12.6,2.41,21.27,3.88,3.6
934,14,오후 5:46:17.6,2.96,26.83,3.82,3.58
935,14,오후 5:46:22.6,2.99,25.54,4.11,3.77
936,14,오후 5:46:27.6,1.7,25.77,3.03,4.28
937,14,오후 5:46:32.6,2.59,27.73,3.85,3.49
938,14,오후 5:46:37.6,2.3,23.93,4.17,3.42
939,14,오후 5:46:42.6,2.92,26.67,4.16,3.33
940,14,오후 5:46:47.6,2.88,24.94,3.19,3.99
941,14,오후 5:46:52.6,1.97,22.73,3.75,4.21
942,14,오후 5:46:57.6,1.96,22.98,4.48,4.25
943,14,오후 5:47:02.6,2.68,24.36,4.41,4.46
944,14,오후 5:47:07.6,2.87,24.1,3.27,3.87
945,14,오후 5:47:12.6,1.59,21.14,3.2,4.93
946,14,오후 5:47:17.6,2.58,25.33,3.47,4.16
947,14,오후 5:47:22.7,2.36,27.97,3.2,4.17
948,14,오후 5:47:27.7,1.56,24.63,3.9,3.43
949,14,오후 5:47:32.7,1.71,22.38,3.22,4.16
950,14,오후 5:47:37.7,2.42,27.24,4.27,3.82
951,14,오후 5:47:42.7,2.24,24.06,3.81,4.32
952,14,오후 5:47:47.7,1.96,23.14,3.43,3.75
953,14,오후 5:47:52.7,2.87,22.03,3.57,3.69
954,14,오후 5:47:57.7,1.54,21.97,4.3,3.13
955,14,오후 5:48:02.7,1.56,24.23,3.48,4.63
956,14,오후 5:48:07.7,2.97,26.24,3.57,3.55
957,14,오후 5:48:12.7,2.19,25.23,4.0,3.62
958,14,오후 5:48:17.7,2.2,23.05,4.01,4.75
959,14,오후 5:48:22.7,2.25,21.82,4.24,4.61
960,14,오후 5:48:27.7,1.87,24.82,3.09,4.1
961,14,오후 5:48:32.7,2.82,27.95,3.7,4.02
962,14,오후 5:48:37.7,1.81,26.78,3.29,4.05
963,14,오후 5:48:42.7,2.47,25.82,4.2,3.1
964,14,오후 5:48:47.7,2.91,23.94,3.17,4.91
965,14,오후 5:48:52.7,3.83,21.61,3.76,3.38
966,14,오후 5:48:57.7,1.96,26.65,3.98,4.34
967,15,오후 5:49:22.9,1.62,27.22,4.28,3.37
968,15,오후 5:49:27.9,1.99,25.77,4.31,3.25
969,15,오후 5:49:32.9,1.74,27.45,3.76,4.11
970,15,오후 5:49:37.9,2.36,25.54,3.63,3.63
971,15,오후 5:49:42.9,2.26,26.86,3.85,4.4
972,15,오후 5:49:47.9,2.12,25.43,3.12,4.44
973,15,오후 5:49:52.9,2.18,26.22,3.46,3.33
974,15,오후 5:49:57.9,2.82,22.46,3.7,4.07
975,15,오후 5:50:03.0,1.9,23.16,4.31,4.28
976,15,오후 5:50:08.0,2.52,26.25,4.41,4.72
977,15,오후 5:50:13.0,2.29,22.93,3.51,3.68
978,15,오후 5:50:18.0,1.85,27.61,3.92,3.27
979,15,오후 5:50:23.0,1.63,25.15,3.45,4.45
980,15,오후 5:50:28.0,2.96,22.27,3.81,3.34
981,15,오후 5:50:33.0,2.87,24.52,4.44,4.0
982,15,오후 5:50:38.0,1.58,26.11,3.11,4.13
983,15,오후 5:50:43.0,2.37,21.29,3.13,4.42
984,15,오후 5:50:48.0,2.97,21.87,3.39,3.28
985,15,오후 5:50:53.0,2.68,23.33,3.62,3.17
986,15,오후 5:50:58.0,2.67,27.28,4.22,4.07
987,15,오후 5:51:03.0,2.77,27.96,3.1,4.17
988,15,오후 5:51:08.0,2.78,26.66,3.73,4.05
989,15,오후 5:51:13.0,2.97,22.48,4.08,3.58
990,15,오후 5:51:18.0,2.86,27.72,3.04,4.13
991,15,오후 5:51:23.0,2.69,23.97,3.58,4.44
992,15,오후 5:51:28.0,2.29,23.96,4.19,4.63
993,15,오후 5:51:33.0,2.27,25.94,3.8,4.19
994,15,오후 5:51:38.1,2.68,22.02,3.19,4.03
995,15,오후 5:51:43.1,2.75,25.63,3.41,3.16
996,15,오후 5:51:48.1,2.68,24.92,3.56,3.44
997,15,오후 5:51:53.1,1.91,23.06,3.81,4.99
998,15,오후 5:51:58.1,2.4,27.59,3.47,4.33
999,15,오후 5:52:03.1,2.32,25.15,3.23,4.81
1000,15,오후 5:52:08.1,1.61,27.06,3.28,4.28
1001,15,오후 5:52:13.1,2.8,23.19,3.75,3.41
1002,15,오후 5:52:18.1,2.43,24.18,3.03,4.2
1003,15,오후 5:52:23.1,2.03,23.74,3.47,3.77
1004,15,오후 5:52:28.1,2.08,23.31,3.68,3.87
1005,15,오후 5:52:33.1,2.99,23.25,3.76,3.66
1006,15,오후 5:52:38.1,1.9,23.1,4.24,3.32
1007,15,오후 5:52:43.1,1.63,23.27,3.68,4.73
1008,15,오후 5:52:48.1,2.96,22.85,3.72,3.04
1009,15,오후 5:52:53.1,2.75,21.83,3.18,3.58
1010,15,오후 5:52:58.1,2.56,21.99,3.36,3.52
1011,15,오후 5:53:03.1,2.79,26.48,3.45,4.21
1012,15,오후 5:53:08.1,2.05,23.9,4.45,4.63
1013,15,오후 5:53:13.1,1.93,24.48,3.45,4.05
1014,15,오후 5:53:18.1,2.32,24.84,4.37,4.91
1015,15,오후 5:53:23.1,2.62,23.59,3.65,4.54
1016,15,오후 5:53:28.1,2.46,23.8,3.59,3.71
1017,15,오후 5:53:33.2,2.32,26.65,3.14,4.16
1018,15,오후 5:53:38.2,1.71,24.78,3.46,4.43
1019,15,오후 5:53:43.2,2.11,21.38,3.18,4.74
1020,15,오후 5:53:48.2,1.95,25.39,3.09,3.83
1021,15,오후 5:53:53.2,2.05,24.91,3.13,3.27
1022,15,오후 5:53:58.2,2.04,21.89,3.13,3.75
1023,15,오후 5:54:03.2,2.19,26.69,4.32,4.47
1024,15,오후 5:54:08.2,2.45,25.68,3.4,4.84
1025,15,오후 5:54:13.2,1.6,23.19,3.02,3.05
1026,15,오후 5:54:18.2,1.59,26.36,3.36,3.19
1027,15,오후 5:54:23.2,2.68,22.75,3.44,3.82
1028,15,오후 5:54:28.2,2.6,23.71,4.45,4.54
1029,15,오후 5:54:33.2,2.45,21.52,3.54,3.13
1030,15,오후 5:54:38.2,2.65,27.65,3.84,4.9
1031,15,오후 5:54:43.2,2.32,24.36,4.05,3.56
1032,15,오후 5:54:48.2,1.96,26.52,3.02,4.85
1033,15,오후 5:54:53.2,2.43,22.54,3.39,4.16
1034,15,오후 5:54:58.2,2.77,24.9,4.27,4.21
1035,15,오후 5:55:03.3,2.74,24.88,3.25,3.57
1036,16,오후 5:55:29.9,2.86,24.02,3.2,4.73
1037,16,오후 5:55:34.9,2.3,26.98,4.3,4.73
1038,16,오후 5:55:39.9,1.9,23.39,3.55,3.19
1039,16,오후 5:55:44.9,2.03,26.6,3.06,3.11
1040,16,오후 5:55:49.9,1.81,25.84,3.05,3.02
1041,16,오후 5:55:54.9,4.08,19.67,3.12,2.44
1042,16,오후 5:55:59.9,2.95,23.52,3.83,3.28
1043,16,오후 5:56:04.9,2.02,21.99,3.81,3.89
1044,16,오후 5:56:10.0,2.9,25.24,3.73,3.91
1045,16,오후 5:56:15.0,2.16,25.44,3.26,4.33
1046,16,오후 5:56:20.0,2.25,26.26,4.1,3.61
1047,16,오후 5:56:25.0,2.36,22.71,3.22,3.14
1048,16,오후 5:56:30.0,1.95,24.03,4.15,4.02
1049,16,오후 5:56:35.0,2.54,23.87,3.11,4.86
1050,16,오후 5:56:40.0,1.58,24.32,3.3,3.57
1051,16,오후 5:56:45.0,1.82,23.97,3.25,3.66
1052,16,오후 5:56:50.0,2.33,23.64,3.51,4.29
1053,16,오후 5:56:55.0,2.32,21.63,4.11,4.13
1054,16,오후 5:57:00.0,2.24,27.77,4.04,3.58
1055,16,오후 5:57:05.0,2.01,27.31,3.44,4.55
1056,16,오후 5:57:10.0,1.63,22.64,3.75,3.61
1057,16,오후 5:57:15.0,1.76,27.51,3.44,3.28
1058,16,오후 5:57:20.0,2.1,22.02,3.36,4.1
1059,16,오후 5:57:25.0,1.63,24.75,3.78,4.85
1060,16,오후 5:57:30.1,2.73,26.45,3.69,4.41
1061,16,오후 5:57:35.1,1.85,22.33,4.09,4.29
1062,16,오후 5:57:40.1,1.88,27.02,4.15,4.48
1063,16,오후 5:57:45.1,2.58,22.16,3.13,3.64
1064,16,오후 5:57:50.1,1.56,22.47,4.37,3.43
1065,16,오후 5:57:55.1,5.42,24.54,2.21,3.51
1066,16,오후 5:58:00.1,2.01,26.52,3.09,4.96
1067,16,오후 5:58:05.1,1.93,23.84,3.92,3.82
1068,16,오후 5:58:10.1,2.23,25.08,3.68,4.64
1069,16,오후 5:58:15.1,1.99,23.36,4.09,4.94
1070,16,오후 5:58:20.1,2.1,26.3,4.48,3.26
1071,16,오후 5:58:25.1,2.2,23.4,3.95,3.03
1072,16,오후 5:58:30.1,2.72,25.78,4.47,4.7
1073,16,오후 5:58:35.1,2.5,27.44,3.54,3.08
1074,16,오후 5:58:40.1,1.61,25.15,3.73,3.75
1075,16,오후 5:58:45.1,2.17,24.45,4.0,3.85
1076,16,오후 5:58:50.1,1.68,26.37,3.5,3.81
1077,16,오후 5:58:55.1,2.05,23.48,3.81,4.35
1078,16,오후 5:59:00.1,1.99,24.91,4.12,3.14
1079,16,오후 5:59:05.1,2.91,22.2,3.44,3.35
1080,16,오후 5:59:10.1,2.27,25.03,3.78,4.59
1081,16,오후 5:59:15.1,1.69,24.52,3.38,4.31
1082,16,오후 5:59:20.2,1.57,25.9,3.46,4.89
1083,16,오후 5:59:25.2,2.17,26.57,3.46,4.07
1084,16,오후 5:59:30.2,2.62,26.75,3.07,3.47
1085,16,오후 5:59:35.2,1.55,21.2,4.02,4.09
1086,16,오후 5:59:40.2,2.16,27.44,3.3,3.56
1087,16,오후 5:59:45.2,2.95,26.33,3.45,4.76
1088,16,오후 5:59:50.2,2.61,25.51,3.55,4.62
1089,16,오후 5:59:55.2,1.87,25.88,3.17,4.24
1090,16,오후 6:00:00.2,2.22,24.63,3.08,4.24
1091,16,오후 6:00:05.2,1.55,21.63,4.26,3.61
1092,16,오후 6:00:10.2,2.65,23.24,3.11,4.86
1093,16,오후 6:00:15.2,2.09,23.79,4.18,3.82
1094,16,오후 6:00:20.2,2.88,27.47,3.61,4.81
1095,16,오후 6:00:25.2,1.53,22.59,3.5,4.4
1096,16,오후 6:00:30.2,2.59,21.92,3.28,3.44
1097,16,오후 6:00:35.2,2.55,21.47,4.31,3.53
1098,16,오후 6:00:40.3,1.82,25.38,4.37,3.71
1099,16,오후 6:00:45.3,2.3,25.66,3.56,3.29
1100,16,오후 6:00:50.3,2.82,23.67,3.66,3.75
1101,16,오후 6:00:55.3,2.58,25.45,4.44,4.49
1102,16,오후 6:01:00.3,2.01,25.11,3.79,4.07
1103,16,오후 6:01:05.3,1.62,26.53,3.63,3.38
1104,16,오후 6:01:10.3,2.48,26.67,3.06,4.43
1105,17,오후 6:01:36.6,2.34,23.99,4.08,4.31
1106,17,오후 6:01:41.6,1.6,24.24,3.87,3.44
1107,17,오후 6:01:46.6,2.45,23.73,3.21,3.47
1108,17,오후 6:01:51.6,2.22,23.21,4.12,3.1
1109,17,오후 6:01:56.6,2.71,22.98,3.13,3.27
1110,17,오후 6:02:01.6,1.97,21.85,3.56,4.8
1111,17,오후 6:02:06.6,2.48,26.95,4.39,4.47
1112,17,오후 6:02:11.6,2.62,22.23,3.29,4.38
1113,17,오후 6:02:16.6,1.67,22.65,4.01,3.33
1114,17,오후 6:02:21.7,1.84,24.42,4.29,4.81
1115,17,오후 6:02:26.7,2.6,24.43,3.9,4.63
1116,17,오후 6:02:31.7,2.39,24.37,4.49,4.47
1117,17,오후 6:02:36.7,2.32,24.97,3.71,3.52
1118,17,오후 6:02:41.7,2.33,27.24,4.38,4.46
1119,17,오후 6:02:46.7,1.57,23.0,3.57,3.6
1120,17,오후 6:02:51.7,2.61,22.89,3.78,4.22
1121,17,오후 6:02:56.7,1.65,23.96,3.07,3.59
1122,17,오후 6:03:01.7,1.63,25.13,3.31,3.18
1123,17,오후 6:03:06.7,2.48,25.2,4.46,3.3
1124,17,오후 6:03:11.7,2.22,24.23,4.24,4.05
1125,17,오후 6:03:16.7,1.53,21.44,3.8,3.71
1126,17,오후 6:03:21.7,1.97,23.98,3.65,4.84
1127,17,오후 6:03:26.7,1.9,23.58,3.6,3.62
1128,17,오후 6:03:31.7,2.29,23.23,4.32,4.42
1129,17,오후 6:03:36.7,2.27,26.41,3.86,4.24
1130,17,오후 6:03:41.7,1.85,23.22,3.73,3.11
1131,17,오후 6:03:46.7,1.95,23.0,4.2,3.3
1132,17,오후 6:03:51.7,2.05,22.47,4.11,3.29
1133,17,오후 6:03:56.7,2.19,25.71,4.14,3.48
1134,17,오후 6:04:01.7,2.18,26.66,4.0,3.54
1135,17,오후 6:04:06.8,3.58,19.09,3.88,1.88
1136,17,오후 6:04:11.8,2.19,21.62,3.84,3.32
1137,17,오후 6:04:16.8,2.03,27.74,3.17,3.01
1138,17,오후 6:04:21.8,2.52,23.2,3.84,4.92
1139,17,오후 6:04:26.8,1.68,22.42,3.89,3.55
1140,17,오후 6:04:31.8,2.27,25.24,3.32,3.08
1141,17,오후 6:04:36.8,1.68,24.83,4.09,3.54
1142,17,오후 6:04:41.8,2.76,21.62,3.93,3.56
1143,17,오후 6:04:46.8,1.7,22.24,3.74,4.09
1144,17,오후 6:04:51.8,2.85,22.06,3.21,3.97
1145,17,오후 6:04:56.8,1.94,27.07,4.13,3.75
1146,17,오후 6:05:01.8,2.95,21.34,2.03,1.34
1147,17,오후 6:05:06.8,1.55,21.4,3.65,4.35
1148,17,오후 6:05:11.8,1.94,23.94,3.02,4.47
1149,17,오후 6:05:16.8,2.65,24.46,3.15,4.57
1150,17,오후 6:05:21.8,1.73,22.19,4.24,3.91
1151,17,오후 6:05:26.8,1.73,27.96,3.54,3.32
1152,17,오후 6:05:31.8,1.62,22.16,3.74,4.15
1153,17,오후 6:05:36.8,1.52,25.8,3.6,3.58
1154,17,오후 6:05:41.8,2.62,24.79,3.03,3.74
1155,17,오후 6:05:46.8,2.33,22.0,3.26,4.6
1156,17,오후 6:05:51.8,2.98,24.84,4.04,4.06
1157,17,오후 6:05:56.9,2.16,23.2,4.0,3.36
1158,17,오후 6:06:01.9,2.26,22.88,3.74,3.69
1159,17,오후 6:06:06.9,1.9,25.2,3.51,4.23
1160,17,오후 6:06:11.9,2.26,23.88,4.18,3.13
1161,17,오후 6:06:16.9,2.35,22.24,4.37,4.49
1162,17,오후 6:06:21.9,2.14,22.1,3.61,3.96
1163,17,오후 6:06:26.9,1.51,25.17,4.13,3.02
1164,17,오후 6:06:31.9,2.0,27.28,3.6,4.3
1165,17,오후 6:06:36.9,1.96,25.12,4.24,3.74
1166,17,오후 6:06:41.9,2.74,21.4,3.93,3.95
1167,17,오후 6:06:46.9,2.63,25.53,4.46,4.4
1168,17,오후 6:06:51.9,2.03,25.62,3.16,3.32
1169,17,오후 6:06:56.9,2.04,24.92,4.21,3.99
1170,17,오후 6:07:01.9,1.88,25.55,3.09,4.44
1171,17,오후 6:07:06.9,3.99,27.07,2.12,3.2
1172,17,오후 6:07:11.9,2.54,25.9,3.5,3.4
1173,17,오후 6:07:16.9,2.98,23.75,3.9,3.55
1174,18,오후 6:07:42.6,2.61,27.9,4.34,3.59
1175,18,오후 6:07:47.6,2.0,22.31,3.3,4.12
1176,18,오후 6:07:52.6,2.25,22.58,3.09,3.45
1177,18,오후 6:07:57.6,2.96,25.56,4.21,4.16
1178,18,오후 6:08:02.6,2.69,23.78,3.32,3.12
1179,18,오후 6:08:07.7,2.11,22.06,3.97,4.33
1180,18,오후 6:08:12.7,2.23,21.94,3.69,3.06
1181,18,오후 6:08:17.7,2.57,23.5,3.38,3.08
1182,18,오후 6:08:22.7,1.75,27.9,3.81,4.44
1183,18,오후 6:08:27.7,2.45,24.61,3.28,3.59
1184,18,오후 6:08:32.7,2.46,26.83,3.65,3.52
1185,18,오후 6:08:37.7,2.89,24.26,3.26,3.04
1186,18,오후 6:08:42.7,2.09,26.96,3.74,4.87
1187,18,오후 6:08:47.7,2.63,25.86,3.64,3.84
1188,18,오후 6:08:52.7,1.54,26.08,4.07,4.18
1189,18,오후 6:08:57.7,2.54,23.18,3.83,4.45
1190,18,오후 6:09:02.7,2.95,26.23,4.33,4.05
1191,18,오후 6:09:07.7,2.54,25.29,3.12,3.42
1192,18,오후 6:09:12.7,1.85,25.18,3.26,3.64
1193,18,오후 6:09:17.7,2.05,22.65,3.82,4.21
1194,18,오후 6:09:22.7,2.8,23.47,3.49,3.34
1195,18,오후 6:09:27.7,2.98,26.38,3.79,4.64
1196,18,오후 6:09:32.7,2.11,24.41,3.58,4.99
1197,18,오후 6:09:37.7,2.33,21.71,3.97,3.52
1198,18,오후 6:09:42.8,2.36,27.72,3.84,4.56
1199,18,오후 6:09:47.8,2.52,25.55,4.45,4.31
1200,18,오후 6:09:52.8,3.18,25.05,3.04,2.04
1201,18,오후 6:09:57.8,2.52,24.04,3.78,3.72
1202,18,오후 6:10:02.8,2.15,24.74,4.02,3.24
1203,18,오후 6:10:07.8,1.58,23.87,3.1,4.81
1204,18,오후 6:10:12.8,2.53,25.87,3.59,4.33
1205,18,오후 6:10:17.8,2.61,25.41,4.46,4.28
1206,18,오후 6:10:22.8,2.53,26.05,4.44,4.96
1207,18,오후 6:10:27.8,1.96,25.67,3.31,3.88
1208,18,오후 6:10:32.8,2.22,24.22,4.18,3.24
1209,18,오후 6:10:37.8,2.36,27.4,4.03,4.65
1210,18,오후 6:10:42.8,2.72,26.46,3.98,4.12
1211,18,오후 6:10:47.8,2.8,25.26,4.42,3.02
1212,18,오후 6:10:52.8,2.74,25.88,3.14,3.69
1213,18,오후 6:10:57.8,2.31,21.64,3.63,3.19
1214,18,오후 6:11:02.8,2.42,22.29,3.82,3.98
1215,18,오후 6:11:07.8,2.46,25.42,3.7,3.53
1216,18,오후 6:11:12.8,1.87,27.9,3.36,4.78
1217,18,오후 6:11:17.9,2.34,23.23,4.03,3.68
1218,18,오후 6:11:22.9,2.79,26.46,3.95,3.87
1219,18,오후 6:11:27.9,3.18,25.05,3.04,2.04
1220,18,오후 6:11:32.9,1.82,26.49,3.53,4.83
1221,18,오후 6:11:37.9,1.63,23.17,3.46,4.03
1222,18,오후 6:11:42.9,2.93,24.27,4.05,4.94
1223,18,오후 6:11:47.9,2.34,26.81,4.48,3.46
1224,18,오후 6:11:52.9,2.02,22.78,3.94,3.23
1225,18,오후 6:11:57.9,2.16,27.5,4.15,4.64
1226,18,오후 6:12:02.9,2.09,23.0,3.61,3.29
1227,18,오후 6:12:07.9,2.03,25.58,4.25,3.24
1228,18,오후 6:12:12.9,2.33,22.47,4.44,3.04
1229,18,오후 6:12:17.9,3.18,25.05,3.04,2.04
1230,18,오후 6:12:22.9,1.75,22.46,3.39,3.56
1231,18,오후 6:12:27.9,2.59,23.59,3.38,4.24
1232,18,오후 6:12:32.9,1.53,26.67,3.74,4.21
1233,18,오후 6:12:37.9,2.39,23.79,4.33,4.02
1234,18,오후 6:12:42.9,1.96,27.04,4.16,4.92
1235,18,오후 6:12:47.9,2.95,25.73,4.23,3.4
1236,18,오후 6:12:53.0,2.36,23.38,3.26,4.73
1237,18,오후 6:12:58.0,2.92,21.54,3.46,3.45
1238,18,오후 6:13:03.0,2.89,22.89,3.19,3.48
1239,18,오후 6:13:08.0,1.77,22.46,4.03,4.51
1240,18,오후 6:13:13.0,3.18,25.05,3.04,2.04
1241,18,오후 6:13:18.0,2.38,22.25,3.95,3.63
1242,18,오후 6:13:23.0,1.95,26.19,4.32,4.61
1243,19,오후 6:13:49.5,2.09,24.32,3.2,4.88
1244,19,오후 6:13:54.5,2.67,23.05,3.63,3.2
1245,19,오후 6:13:59.5,1.86,25.04,3.98,4.01
1246,19,오후 6:14:04.5,1.94,23.78,4.05,4.46
1247,19,오후 6:14:09.5,1.88,22.23,3.92,3.93
1248,19,오후 6:14:14.5,1.51,25.28,3.6,4.53
1249,19,오후 6:14:19.5,2.34,26.47,3.72,4.62
1250,19,오후 6:14:24.5,2.23,23.49,3.83,3.25
1251,19,오후 6:14:29.5,2.92,23.63,4.03,3.44
1252,19,오후 6:14:34.5,2.32,24.05,4.41,4.09
1253,19,오후 6:14:39.5,1.72,23.94,3.06,4.38
1254,19,오후 6:14:44.5,2.41,23.9,3.82,4.66
1255,19,오후 6:14:49.5,2.64,24.17,3.78,3.12
1256,19,오후 6:14:54.5,1.63,22.27,3.13,4.92
1257,19,오후 6:14:59.5,2.74,23.86,4.38,3.83
1258,19,오후 6:15:04.5,2.9,26.01,3.56,4.51
1259,19,오후 6:15:09.6,1.62,23.17,4.38,3.41
1260,19,오후 6:15:14.6,2.85,27.56,4.28,4.99
1261,19,오후 6:15:19.6,1.68,24.83,4.38,4.02
1262,19,오후 6:15:24.6,2.09,24.28,4.04,4.7
1263,19,오후 6:15:29.6,2.76,25.63,3.55,3.11
1264,19,오후 6:15:34.6,2.28,23.14,3.13,4.45
1265,19,오후 6:15:39.6,2.41,24.72,3.37,4.88
1266,19,오후 6:15:44.6,2.69,23.87,3.61,4.75
1267,19,오후 6:15:49.6,2.17,21.51,3.98,3.46
1268,19,오후 6:15:54.6,3.87,27.13,2.37,2.12
1269,19,오후 6:15:59.6,1.64,23.28,4.28,4.62
1270,19,오후 6:16:04.6,2.52,22.57,3.76,4.42
1271,19,오후 6:16:09.6,2.18,24.28,4.35,3.02
1272,19,오후 6:16:14.6,1.81,26.49,3.32,4.06
1273,19,오후 6:16:19.6,2.26,24.39,3.85,4.16
1274,19,오후 6:16:24.6,2.25,23.66,3.23,3.87
1275,19,오후 6:16:29.6,1.97,22.56,3.27,3.87
1276,19,오후 6:16:34.6,1.8,23.58,4.19,4.57
1277,19,오후 6:16:39.6,2.85,23.23,3.79,4.64
1278,19,오후 6:16:44.7,1.67,22.17,4.42,4.51
1279,19,오후 6:16:49.7,1.97,25.1,4.35,3.93
1280,19,오후 6:16:54.7,2.18,21.97,3.94,3.86
1281,19,오후 6:16:59.7,1.93,25.9,4.4,4.91
1282,19,오후 6:17:04.7,2.5,23.55,4.24,3.98
1283,19,오후 6:17:09.7,1.52,25.26,3.16,4.18
1284,19,오후 6:17:14.7,2.91,21.23,3.85,1.11
1285,19,오후 6:17:19.7,2.89,24.72,4.02,3.72
1286,19,오후 6:17:24.7,1.84,23.75,4.37,3.62
1287,19,오후 6:17:29.7,2.45,27.98,4.21,3.7
1288,19,오후 6:17:34.7,2.12,24.57,3.72,4.17
1289,19,오후 6:17:39.7,2.75,23.84,4.28,3.67
1290,19,오후 6:17:44.7,1.73,27.79,3.61,3.39
1291,19,오후 6:17:49.7,1.67,23.6,3.48,3.88
1292,19,오후 6:17:54.7,1.55,26.04,3.71,3.67
1293,19,오후 6:17:59.7,1.58,23.57,3.89,3.3
1294,19,오후 6:18:04.7,1.95,25.68,4.23,4.02
1295,19,오후 6:18:09.7,2.41,21.78,3.19,3.92
1296,19,오후 6:18:14.7,2.92,24.14,3.65,3.58
1297,19,오후 6:18:19.7,2.45,27.62,4.2,3.78
1298,19,오후 6:18:24.7,2.6,23.34,4.29,4.71
1299,19,오후 6:18:29.7,1.98,25.26,4.19,3.22
1300,19,오후 6:18:34.7,2.76,21.91,3.92,3.32
1301,19,오후 6:18:39.8,2.95,24.84,4.11,4.79
1302,19,오후 6:18:44.8,2.77,23.06,4.22,4.39
1303,19,오후 6:18:49.8,2.13,22.0,3.63,3.09
1304,19,오후 6:18:54.8,2.69,26.95,3.19,4.44
1305,19,오후 6:18:59.8,2.61,21.21,3.24,1.55
1306,19,오후 6:19:04.8,1.96,22.95,4.15,4.59
1307,19,오후 6:19:09.8,2.19,24.41,3.11,4.16
1308,19,오후 6:19:14.8,1.6,21.46,4.24,3.57
1309,19,오후 6:19:19.8,1.64,22.27,3.23,3.75
1310,19,오후 6:19:24.8,2.87,21.45,4.43,4.06
1311,19,오후 6:19:29.8,1.82,26.35,3.97,3.06
1312,20,오후 6:19:55.4,2.42,24.39,4.43,3.84
1313,20,오후 6:20:00.4,2.98,22.89,4.36,3.98
1314,20,오후 6:20:05.4,2.45,27.1,3.19,4.51
1315,20,오후 6:20:10.4,2.09,21.55,4.06,4.9
1316,20,오후 6:20:15.4,1.94,24.01,4.13,4.78
1317,20,오후 6:20:20.4,2.4,22.15,4.39,3.62
1318,20,오후 6:20:25.4,2.96,22.23,3.04,3.04
1319,20,오후 6:20:30.4,2.39,24.4,3.63,3.56
1320,20,오후 6:20:35.5,1.79,25.21,3.29,3.7
1321,20,오후 6:20:40.5,2.66,25.46,3.65,3.83
1322,20,오후 6:20:45.5,2.27,21.97,3.72,3.8
1323,20,오후 6:20:50.5,2.72,23.78,3.98,4.69
1324,20,오후 6:20:55.5,1.84,22.3,3.39,4.62
1325,20,오후 6:21:00.5,1.74,24.18,3.06,4.17
1326,20,오후 6:21:05.5,2.69,24.63,3.39,4.77
1327,20,오후 6:21:10.5,2.64,26.89,3.25,4.37
1328,20,오후 6:21:15.5,2.35,25.01,3.53,4.7
1329,20,오후 6:21:20.5,1.63,23.32,4.36,3.97
1330,20,오후 6:21:25.5,1.97,21.35,4.23,4.46
1331,20,오후 6:21:30.5,1.7,23.51,4.08,3.9
1332,20,오후 6:21:35.5,2.1,26.8,3.47,4.57
1333,20,오후 6:21:40.5,2.7,23.87,4.25,4.99
1334,20,오후 6:21:45.5,2.54,23.91,4.08,4.87
1335,20,오후 6:21:50.5,2.43,23.5,3.31,3.69
1336,20,오후 6:21:55.5,2.32,25.55,3.46,4.97
1337,20,오후 6:22:00.5,2.2,22.41,3.42,3.66
1338,20,오후 6:22:05.5,2.82,26.45,4.29,3.89
1339,20,오후 6:22:10.5,2.15,24.69,3.67,3.41
1340,20,오후 6:22:15.5,2.53,22.65,3.02,3.4
1341,20,오후 6:22:20.5,1.84,24.73,3.32,3.64
1342,20,오후 6:22:25.5,2.5,26.02,3.64,3.86
1343,20,오후 6:22:30.5,2.89,25.67,3.86,3.36
1344,20,오후 6:22:35.5,1.71,22.56,3.89,4.01
1345,20,오후 6:22:40.6,2.18,26.42,4.3,4.91
1346,20,오후 6:22:45.6,1.71,21.66,3.36,3.99
1347,20,오후 6:22:50.6,1.62,25.09,3.58,4.5
1348,20,오후 6:22:55.6,1.91,26.4,4.08,3.25
1349,20,오후 6:23:00.6,2.45,22.35,4.09,3.04
1350,20,오후 6:23:05.6,2.99,27.2,3.12,4.97
1351,20,오후 6:23:10.6,2.4,23.08,3.94,3.88
1352,20,오후 6:23:15.6,1.56,23.69,3.62,3.61
1353,20,오후 6:23:20.6,2.13,27.6,3.66,3.49
1354,20,오후 6:23:25.6,2.07,27.93,3.78,3.51
1355,20,오후 6:23:30.6,1.67,26.74,4.15,3.8
1356,20,오후 6:23:35.6,1.67,22.24,3.56,4.12
1357,20,오후 6:23:40.6,2.36,26.82,4.16,3.73
1358,20,오후 6:23:45.6,2.31,22.61,3.54,3.51
1359,20,오후 6:23:50.6,2.33,26.07,3.34,4.96
1360,20,오후 6:23:55.6,2.88,25.84,3.76,4.85
1361,20,오후 6:24:00.6,2.91,26.69,1.59,4.42
1362,20,오후 6:24:05.6,1.64,23.47,3.19,3.31
1363,20,오후 6:24:10.6,2.15,23.34,3.4,3.04
1364,20,오후 6:24:15.6,1.98,27.23,4.24,3.87
1365,20,오후 6:24:20.6,2.67,24.72,3.34,4.94
1366,20,오후 6:24:25.6,2.46,24.93,3.2,4.1
1367,20,오후 6:24:30.6,1.81,27.88,3.22,3.99
1368,20,오후 6:24:35.6,2.34,23.65,4.16,4.24
1369,20,오후 6:24:40.7,1.99,18.23,3.27,4.44
1370,20,오후 6:24:45.7,1.51,24.47,3.17,4.43
1371,20,오후 6:24:50.7,1.63,24.91,3.98,4.36
1372,20,오후 6:24:55.7,2.76,23.87,4.0,4.44
1373,20,오후 6:25:00.7,2.82,23.87,3.68,3.12
1374,20,오후 6:25:05.7,2.14,24.1,3.61,3.29
1375,20,오후 6:25:10.7,2.75,22.34,4.26,3.67
1376,20,오후 6:25:15.7,1.61,23.73,3.06,4.01
1377,20,오후 6:25:20.7,1.51,22.32,3.22,3.79
1378,20,오후 6:25:25.7,2.61,23.39,3.15,4.94
1379,20,오후 6:25:30.7,1.69,24.03,3.3,4.07
1380,20,오후 6:25:35.7,2.18,23.53,4.13,4.55
1381,21,오후 6:26:03.3,1.71,26.86,3.58,3.96
1382,21,오후 6:26:08.4,2.43,27.31,3.14,3.92
1383,21,오후 6:26:13.4,5.31,23.97,3.49,3.87
1384,21,오후 6:26:18.4,2.79,22.01,3.87,3.66
1385,21,오후 6:26:23.4,2.35,23.56,3.45,4.31
1386,21,오후 6:26:28.4,2.42,24.99,3.21,4.64
1387,21,오후 6:26:33.4,2.98,26.98,4.31,4.84
1388,21,오후 6:26:38.4,2.09,23.01,4.22,3.93
1389,21,오후 6:26:43.4,2.4,23.38,4.36,3.63
1390,21,오후 6:26:48.4,2.43,27.27,3.59,3.75
1391,21,오후 6:26:53.4,2.72,27.35,4.15,4.32
1392,21,오후 6:26:58.4,2.77,27.02,4.33,4.65
1393,21,오후 6:27:03.4,2.33,24.87,4.09,3.14
1394,21,오후 6:27:08.4,1.99,24.88,3.28,3.98
1395,21,오후 6:27:13.4,1.98,22.49,4.09,4.19
1396,21,오후 6:27:18.4,1.68,22.49,3.55,4.36
1397,21,오후 6:27:23.4,2.55,22.55,4.14,3.68
1398,21,오후 6:27:28.4,1.85,24.22,3.58,3.33
1399,21,오후 6:27:33.4,2.48,23.25,4.2,4.62
1400,21,오후 6:27:38.4,2.3,25.23,4.44,4.56
1401,21,오후 6:27:43.4,1.92,23.73,3.22,3.77
1402,21,오후 6:27:48.4,2.35,25.76,3.39,3.88
1403,21,오후 6:27:53.5,2.2,26.82,3.21,4.65
1404,21,오후 6:27:58.5,1.93,25.38,3.86,4.86
1405,21,오후 6:28:03.5,1.54,25.52,4.32,3.95
1406,21,오후 6:28:08.5,2.78,25.29,4.2,3.93
1407,21,오후 6:28:13.5,1.66,23.39,4.31,3.01
1408,21,오후 6:28:18.5,2.66,24.14,3.82,3.84
1409,21,오후 6:28:23.5,2.51,26.51,4.25,4.75
1410,21,오후 6:28:28.5,1.62,24.8,3.18,3.19
1411,21,오후 6:28:33.5,2.51,26.08,4.12,4.19
1412,21,오후 6:28:38.5,2.68,22.6,4.09,3.41
1413,21,오후 6:28:43.5,2.58,24.46,3.08,3.32
1414,21,오후 6:28:48.5,2.12,24.68,3.64,3.64
1415,21,오후 6:28:53.5,2.51,25.06,4.37,4.2
1416,21,오후 6:28:58.5,1.83,21.98,3.76,3.11
1417,21,오후 6:29:03.5,2.3,25.43,3.45,3.2
1418,21,오후 6:29:08.5,2.45,21.02,4.34,3.72
1419,21,오후 6:29:13.5,1.98,27.26,3.79,3.04
1420,21,오후 6:29:18.5,1.66,21.33,3.32,3.89
1421,21,오후 6:29:23.5,1.54,27.63,4.37,4.39
1422,21,오후 6:29:28.5,1.52,22.32,3.61,3.68
1423,21,오후 6:29:33.5,1.7,23.97,3.39,3.17
1424,21,오후 6:29:38.5,1.57,22.79,3.51,3.26
1425,21,오후 6:29:43.6,2.6,26.77,4.19,4.07
1426,21,오후 6:29:48.6,2.98,26.21,3.5,3.24
1427,21,오후 6:29:53.6,2.89,26.15,3.19,4.59
1428,21,오후 6:29:58.6,1.91,22.51,4.31,4.75
1429,21,오후 6:30:03.6,1.85,21.16,3.22,4.44
1430,21,오후 6:30:08.6,2.5,22.46,3.43,3.39
1431,21,오후 6:30:13.6,2.18,21.05,4.2,4.09
1432,21,오후 6:30:18.6,2.13,25.47,3.19,4.53
1433,21,오후 6:30:23.6,1.8,22.42,4.34,3.42
1434,21,오후 6:30:28.6,5.31,23.97,3.49,3.87
1435,21,오후 6:30:33.6,1.74,27.23,4.32,4.25
1436,21,오후 6:30:38.6,2.0,24.17,3.97,3.71
1437,21,오후 6:30:43.6,2.49,27.92,3.13,3.71
1438,21,오후 6:30:48.6,2.84,26.56,3.22,4.57
1439,21,오후 6:30:53.6,1.54,23.85,3.58,3.31
1440,21,오후 6:30:58.6,2.63,23.5,4.2,4.29
1441,21,오후 6:31:03.7,5.31,23.97,3.49,3.87
1442,21,오후 6:31:08.7,5.31,23.97,3.49,3.87
1443,21,오후 6:31:13.7,1.72,21.55,3.48,3.42
1444,21,오후 6:31:18.7,2.58,22.08,3.66,4.78
1445,21,오후 6:31:23.7,2.18,24.22,3.42,3.27
1446,21,오후 6:31:28.7,2.02,22.99,4.01,4.98
1447,21,오후 6:31:33.7,2.22,23.72,3.23,4.88
1448,21,오후 6:31:38.7,2.44,22.81,4.48,4.9
1449,21,오후 6:31:43.7,2.19,27.43,4.29,3.53
1450,22,오후 6:32:09.3,1.55,23.62,3.68,3.99
1451,22,오후 6:32:14.3,2.88,24.09,4.19,3.82
1452,22,오후 6:32:19.3,2.77,27.87,3.38,4.01
1453,22,오후 6:32:24.3,1.9,25.99,4.02,3.02
1454,22,오후 6:32:29.3,2.45,23.46,3.37,3.44
1455,22,오후 6:32:34.3,1.85,24.08,3.48,3.83
1456,22,오후 6:32:39.3,1.82,27.02,3.37,3.34
1457,22,오후 6:32:44.3,2.51,24.16,3.6,4.73
1458,22,오후 6:32:49.3,2.54,23.45,3.46,4.77
1459,22,오후 6:32:54.3,2.12,25.46,3.17,4.26
1460,22,오후 6:32:59.3,2.51,23.66,3.4,4.57
1461,22,오후 6:33:04.3,2.5,26.39,3.39,3.12
1462,22,오후 6:33:09.3,2.73,26.75,3.56,3.23
1463,22,오후 6:33:14.3,2.93,26.04,3.75,4.13
1464,22,오후 6:33:19.3,1.84,24.78,4.31,4.63
1465,22,오후 6:33:24.3,2.81,24.7,4.4,3.67
1466,22,오후 6:33:29.3,2.61,24.32,4.45,3.18
1467,22,오후 6:33:34.3,2.88,27.86,4.05,4.68
1468,22,오후 6:33:39.4,1.96,22.74,4.34,3.71
1469,22,오후 6:33:44.4,1.54,23.06,3.28,4.46
1470,22,오후 6:33:49.4,4.11,21.15,3.48,3.4
1471,22,오후 6:33:54.4,3.98,22.26,3.25,4.51
1472,22,오후 6:33:59.4,2.44,21.71,3.82,3.97
1473,22,오후 6:34:04.4,2.0,21.81,4.11,4.89
1474,22,오후 6:34:09.4,2.53,25.01,3.6,3.53
1475,22,오후 6:34:14.4,2.69,25.94,4.0,4.33
1476,22,오후 6:34:19.4,4.02,22.18,2.06,3.02
1477,22,오후 6:34:24.4,1.63,21.65,3.44,3.55
1478,22,오후 6:34:29.4,1.58,22.91,3.9,4.82
1479,22,오후 6:34:34.4,2.6,23.53,3.35,4.7
1480,22,오후 6:34:39.4,2.83,24.95,3.74,4.98
1481,22,오후 6:34:44.4,1.98,22.48,3.36,4.15
1482,22,오후 6:34:49.4,2.26,27.56,4.12,4.05
1483,22,오후 6:34:54.4,1.54,22.47,4.26,4.8
1484,22,오후 6:34:59.4,2.85,23.38,3.38,4.72
1485,22,오후 6:35:04.4,2.63,22.52,4.47,3.28
1486,22,오후 6:35:09.4,2.85,21.79,4.09,3.59
1487,22,오후 6:35:14.5,1.81,25.25,2.28,4.98
1488,22,오후 6:35:19.5,2.08,24.66,4.21,4.13
1489,22,오후 6:35:24.5,1.61,26.33,3.67,4.78
1490,22,오후 6:35:29.5,1.63,25.64,4.04,3.8
1491,22,오후 6:35:34.5,2.74,25.03,3.24,3.93
1492,22,오후 6:35:39.5,2.81,27.29,3.65,3.45
1493,22,오후 6:35:44.5,2.74,25.91,3.93,3.83
1494,22,오후 6:35:49.5,2.74,22.54,4.33,4.27
1495,22,오후 6:35:54.5,2.99,26.09,3.47,3.37
1496,22,오후 6:35:59.5,1.84,21.82,3.94,3.65
1497,22,오후 6:36:04.5,1.92,23.03,3.33,3.86
1498,22,오후 6:36:09.5,1.98,23.24,3.25,3.03
1499,22,오후 6:36:14.5,2.09,25.23,2.28,3.29
1500,22,오후 6:36:19.5,1.9,25.88,4.12,4.8
1501,22,오후 6:36:24.5,2.5,24.08,3.39,3.37
1502,22,오후 6:36:29.6,1.71,26.24,3.11,4.38
1503,22,오후 6:36:34.6,1.66,25.16,3.05,4.18
1504,22,오후 6:36:39.6,2.16,24.03,3.33,3.15
1505,22,오후 6:36:44.6,2.43,26.31,4.05,1.96
1506,22,오후 6:36:49.6,2.38,21.68,3.76,3.72
1507,22,오후 6:36:54.6,3.61,26.15,3.42,1.26
1508,22,오후 6:36:59.6,1.54,27.57,3.04,4.78
1509,22,오후 6:37:04.6,1.58,26.39,3.58,3.28
1510,22,오후 6:37:09.6,2.37,24.72,4.05,3.82
1511,22,오후 6:37:14.6,2.53,27.76,3.29,4.44
1512,22,오후 6:37:19.6,2.18,24.48,3.23,3.63
1513,22,오후 6:37:24.6,2.31,23.65,4.39,4.42
1514,22,오후 6:37:29.6,2.39,26.57,3.62,3.12
1515,22,오후 6:37:34.6,1.89,21.22,3.22,4.77
1516,22,오후 6:37:39.6,1.79,22.44,3.41,4.0
1517,22,오후 6:37:44.6,2.33,24.26,3.13,4.03
1518,22,오후 6:37:49.6,2.75,21.86,3.34,3.65
